# This file uses centimeters as units for non-parametric coordinates.

mtllib Church_Pew.mtl
g default
v -13.144339 -3.001178 -1.523964
v -13.133856 -2.943766 -1.523964
v -13.144339 -2.943766 -1.431755
v -13.169645 -2.943766 -1.393532
v -13.169645 -3.001178 -1.431755
v -13.169645 -3.024958 -1.523964
v -13.144339 1.452997 -1.523964
v -13.169645 1.476775 -1.523964
v -13.169645 1.452997 -1.431755
v -13.169645 1.395585 -1.393532
v -13.144339 1.395585 -1.431755
v -13.133856 1.395585 -1.523964
v -14.352049 -3.001178 -1.523964
v -14.326738 -3.024958 -1.523964
v -14.326738 -3.001178 -1.431755
v -14.326738 -2.943766 -1.393532
v -14.352049 -2.943766 -1.431755
v -14.362532 -2.943766 -1.523964
v -14.352049 1.452997 -1.523964
v -14.362532 1.395585 -1.523964
v -14.352049 1.395585 -1.431755
v -14.326738 1.395585 -1.393532
v -14.326738 1.452997 -1.431755
v -14.326738 1.476775 -1.523964
v -14.326738 -3.001178 -2.659569
v -14.326738 -3.024958 -2.567345
v -14.352049 -3.001178 -2.567345
v -14.362532 -2.943766 -2.567345
v -14.352049 -2.943766 -2.659569
v -14.326738 -2.943766 -2.697762
v -14.326738 1.452997 -2.659569
v -14.326738 1.395585 -2.697762
v -14.352049 1.395585 -2.659569
v -14.362532 1.395585 -2.567345
v -14.352049 1.452997 -2.567345
v -14.326738 1.476775 -2.567345
v -13.144339 -3.001178 -2.567345
v -13.169645 -3.024958 -2.567345
v -13.169645 -3.001178 -2.659569
v -13.169645 -2.943766 -2.697762
v -13.144339 -2.943766 -2.659569
v -13.133856 -2.943766 -2.567345
v -13.144339 1.452997 -2.567345
v -13.133856 1.395585 -2.567345
v -13.144339 1.395585 -2.659569
v -13.169645 1.395585 -2.697762
v -13.169645 1.452997 -2.659569
v -13.169645 1.476775 -2.567345
v -13.148989 -2.990627 -1.448692
v -13.148989 1.442446 -1.448692
v -14.347395 -2.990627 -1.448692
v -14.347395 1.442446 -1.448692
v -14.347395 -2.990627 -2.642616
v -14.347395 1.442446 -2.642616
v -13.148989 -2.990627 -2.642616
v -13.148989 1.442446 -2.642616
v -12.355230 1.510323 -3.010628
v -12.331450 1.510323 -2.953224
v -12.355230 1.452919 -2.953224
v -12.412642 1.429118 -2.953224
v -12.412642 1.452919 -3.010628
v -12.412642 1.510323 -3.034416
v -12.355230 1.510322 2.979012
v -12.412642 1.510323 3.002800
v -12.412642 1.452919 2.979012
v -12.412642 1.429118 2.921608
v -12.355230 1.452919 2.921608
v -12.331450 1.510323 2.921608
v -15.094767 1.510323 -3.010628
v -15.037355 1.510323 -3.034416
v -15.037355 1.452919 -3.010628
v -15.037355 1.429118 -2.953224
v -15.094767 1.452919 -2.953224
v -15.118547 1.510323 -2.953224
v -15.094767 1.510323 2.979012
v -15.118547 1.510323 2.921608
v -15.094767 1.452919 2.921608
v -15.037355 1.429118 2.921608
v -15.037355 1.452919 2.979012
v -15.037355 1.510323 3.002800
v -15.037355 2.217362 -3.010628
v -15.037355 2.159934 -3.034416
v -15.094767 2.159934 -3.010628
v -15.118547 2.159934 -2.953224
v -15.094767 2.217362 -2.953224
v -15.037355 2.241139 -2.953224
v -15.037355 2.217362 2.979012
v -15.037355 2.241139 2.921608
v -15.094767 2.217362 2.921608
v -15.118547 2.159934 2.921608
v -15.094767 2.159934 2.979012
v -15.037355 2.159934 3.002800
v -12.355230 2.159934 -3.010628
v -12.412642 2.159934 -3.034416
v -12.412642 2.217362 -3.010628
v -12.412642 2.241139 -2.953224
v -12.355230 2.217362 -2.953224
v -12.331450 2.159934 -2.953224
v -12.355230 2.159934 2.979012
v -12.331450 2.159934 2.921608
v -12.355230 2.217362 2.921608
v -12.412642 2.241139 2.921608
v -12.412642 2.217362 2.979012
v -12.412642 2.159934 3.002800
v -12.365786 1.463463 -3.000084
v -12.365786 1.463463 2.968468
v -15.084219 1.463463 -3.000084
v -15.084219 1.463464 2.968468
v -15.084219 2.206806 -3.000084
v -15.084219 2.206806 2.968468
v -12.365786 2.206806 -3.000084
v -12.365786 2.206806 2.968468
v -2.642019 1.510323 -3.010628
v -2.618238 1.510323 -2.953224
v -2.642019 1.452919 -2.953224
v -2.699432 1.429118 -2.953224
v -2.699432 1.452919 -3.010628
v -2.699432 1.510323 -3.034416
v -2.642019 1.510322 2.979012
v -2.699432 1.510323 3.002800
v -2.699432 1.452919 2.979012
v -2.699432 1.429118 2.921608
v -2.642019 1.452919 2.921608
v -2.618238 1.510323 2.921608
v -5.381556 1.510323 -3.010628
v -5.324144 1.510323 -3.034416
v -5.324144 1.452919 -3.010628
v -5.324144 1.429118 -2.953224
v -5.381556 1.452919 -2.953224
v -5.405336 1.510323 -2.953224
v -5.381556 1.510323 2.979012
v -5.405336 1.510323 2.921608
v -5.381556 1.452919 2.921608
v -5.324144 1.429118 2.921608
v -5.324144 1.452919 2.979012
v -5.324144 1.510323 3.002800
v -5.324144 2.217362 -3.010628
v -5.324144 2.159934 -3.034416
v -5.381556 2.159934 -3.010628
v -5.405336 2.159934 -2.953224
v -5.381556 2.217362 -2.953224
v -5.324144 2.241139 -2.953224
v -5.324144 2.217362 2.979012
v -5.324144 2.241139 2.921608
v -5.381556 2.217362 2.921608
v -5.405336 2.159934 2.921608
v -5.381556 2.159934 2.979012
v -5.324144 2.159934 3.002800
v -2.642019 2.159934 -3.010628
v -2.699432 2.159934 -3.034416
v -2.699432 2.217362 -3.010628
v -2.699432 2.241139 -2.953224
v -2.642019 2.217362 -2.953224
v -2.618238 2.159934 -2.953224
v -2.642019 2.159934 2.979012
v -2.618238 2.159934 2.921608
v -2.642019 2.217362 2.921608
v -2.699432 2.241139 2.921608
v -2.699432 2.217362 2.979012
v -2.699432 2.159934 3.002800
v -2.652571 1.463463 -3.000084
v -2.652571 1.463463 2.968468
v -5.371004 1.463463 -3.000084
v -5.371004 1.463464 2.968468
v -5.371004 2.206806 -3.000084
v -5.371004 2.206806 2.968468
v -2.652571 2.206806 -3.000084
v -2.652571 2.206806 2.968468
v 6.021124 1.510323 -3.010628
v 6.044905 1.510323 -2.953224
v 6.021124 1.452919 -2.953224
v 5.963713 1.429118 -2.953224
v 5.963713 1.452919 -3.010628
v 5.963713 1.510323 -3.034416
v 6.021124 1.510322 2.979012
v 5.963713 1.510323 3.002800
v 5.963713 1.452919 2.979012
v 5.963713 1.429118 2.921608
v 6.021124 1.452919 2.921608
v 6.044905 1.510323 2.921608
v 3.281588 1.510323 -3.010628
v 3.338999 1.510323 -3.034416
v 3.338999 1.452919 -3.010628
v 3.338999 1.429118 -2.953224
v 3.281588 1.452919 -2.953224
v 3.257807 1.510323 -2.953224
v 3.281588 1.510323 2.979012
v 3.257807 1.510323 2.921608
v 3.281588 1.452919 2.921608
v 3.338999 1.429118 2.921608
v 3.338999 1.452919 2.979012
v 3.338999 1.510323 3.002800
v 3.338999 2.217362 -3.010628
v 3.338999 2.159934 -3.034416
v 3.281588 2.159934 -3.010628
v 3.257807 2.159934 -2.953224
v 3.281588 2.217362 -2.953224
v 3.338999 2.241139 -2.953224
v 3.338999 2.217362 2.979012
v 3.338999 2.241139 2.921608
v 3.281588 2.217362 2.921608
v 3.257807 2.159934 2.921608
v 3.281588 2.159934 2.979012
v 3.338999 2.159934 3.002800
v 6.021124 2.159934 -3.010628
v 5.963713 2.159934 -3.034416
v 5.963713 2.217362 -3.010628
v 5.963713 2.241139 -2.953224
v 6.021124 2.217362 -2.953224
v 6.044905 2.159934 -2.953224
v 6.021124 2.159934 2.979012
v 6.044905 2.159934 2.921608
v 6.021124 2.217362 2.921608
v 5.963713 2.241139 2.921608
v 5.963713 2.217362 2.979012
v 5.963713 2.159934 3.002800
v 6.010572 1.463463 -3.000084
v 6.010572 1.463463 2.968468
v 3.292139 1.463463 -3.000084
v 3.292139 1.463464 2.968468
v 3.292139 2.206806 -3.000084
v 3.292139 2.206806 2.968468
v 6.010572 2.206806 -3.000084
v 6.010572 2.206806 2.968468
v 14.975253 1.510323 -3.010628
v 14.999034 1.510323 -2.953224
v 14.975253 1.452919 -2.953224
v 14.917840 1.429118 -2.953224
v 14.917840 1.452919 -3.010628
v 14.917840 1.510323 -3.034416
v 14.975253 1.510322 2.979012
v 14.917840 1.510323 3.002800
v 14.917840 1.452919 2.979012
v 14.917840 1.429118 2.921608
v 14.975253 1.452919 2.921608
v 14.999034 1.510323 2.921608
v 12.235716 1.510323 -3.010628
v 12.293127 1.510323 -3.034416
v 12.293127 1.452919 -3.010628
v 12.293127 1.429118 -2.953224
v 12.235716 1.452919 -2.953224
v 12.211934 1.510323 -2.953224
v 12.235716 1.510323 2.979012
v 12.211934 1.510323 2.921608
v 12.235716 1.452919 2.921608
v 12.293127 1.429118 2.921608
v 12.293127 1.452919 2.979012
v 12.293127 1.510323 3.002800
v 12.293127 2.217362 -3.010628
v 12.293127 2.159934 -3.034416
v 12.235716 2.159934 -3.010628
v 12.211934 2.159934 -2.953224
v 12.235716 2.217362 -2.953224
v 12.293127 2.241139 -2.953224
v 12.293127 2.217362 2.979012
v 12.293127 2.241139 2.921608
v 12.235716 2.217362 2.921608
v 12.211934 2.159934 2.921608
v 12.235716 2.159934 2.979012
v 12.293127 2.159934 3.002800
v 14.975253 2.159934 -3.010628
v 14.917840 2.159934 -3.034416
v 14.917840 2.217362 -3.010628
v 14.917840 2.241139 -2.953224
v 14.975253 2.217362 -2.953224
v 14.999034 2.159934 -2.953224
v 14.975253 2.159934 2.979012
v 14.999034 2.159934 2.921608
v 14.975253 2.217362 2.921608
v 14.917840 2.241139 2.921608
v 14.917840 2.217362 2.979012
v 14.917840 2.159934 3.002800
v 14.964701 1.463463 -3.000084
v 14.964701 1.463463 2.968468
v 12.246267 1.463463 -3.000084
v 12.246267 1.463464 2.968468
v 12.246267 2.206806 -3.000084
v 12.246267 2.206806 2.968468
v 14.964701 2.206806 -3.000084
v 14.964701 2.206806 2.968468
v -15.828241 2.294143 -2.831734
v -15.770834 2.294143 -2.855522
v -15.770834 2.236739 -2.831734
v -15.770834 2.212938 -2.774315
v -15.828241 2.236739 -2.774315
v -15.852022 2.294143 -2.774315
v 15.828243 2.294143 -2.831734
v 15.852022 2.294143 -2.774315
v 15.828243 2.236739 -2.774315
v 15.770830 2.212938 -2.774315
v 15.770830 2.236739 -2.831734
v 15.770830 2.294143 -2.855522
v -15.828241 2.294143 -0.092201
v -15.852022 2.294143 -0.149605
v -15.828241 2.236739 -0.149605
v -15.770834 2.212938 -0.149605
v -15.770834 2.236739 -0.092201
v -15.770834 2.294143 -0.068413
v 15.828243 2.294143 -0.092201
v 15.770830 2.294143 -0.068413
v 15.770830 2.236739 -0.092201
v 15.770830 2.212938 -0.149605
v 15.828243 2.236739 -0.149605
v 15.852022 2.294143 -0.149605
v -15.828241 3.001182 -0.149605
v -15.852022 2.943754 -0.149605
v -15.828241 2.943754 -0.092201
v -15.770834 2.943754 -0.068413
v -15.770834 3.001182 -0.092201
v -15.770834 3.024958 -0.149605
v 15.828243 3.001182 -0.149605
v 15.770830 3.024958 -0.149605
v 15.770830 3.001182 -0.092201
v 15.770830 2.943754 -0.068413
v 15.828243 2.943754 -0.092201
v 15.852022 2.943754 -0.149605
v -15.828241 2.943754 -2.831734
v -15.852022 2.943754 -2.774315
v -15.828241 3.001182 -2.774315
v -15.770834 3.024958 -2.774315
v -15.770834 3.001182 -2.831734
v -15.770834 2.943754 -2.855522
v 15.828243 2.943754 -2.831734
v 15.770830 2.943754 -2.855522
v 15.770830 3.001182 -2.831734
v 15.770830 3.024958 -2.774315
v 15.828243 3.001182 -2.774315
v 15.852022 2.943754 -2.774315
v -15.817690 2.247283 -2.821175
v 15.817692 2.247283 -2.821175
v -15.817690 2.247283 -0.102745
v 15.817692 2.247283 -0.102745
v -15.817690 2.990626 -0.102745
v 15.817692 2.990626 -0.102745
v -15.817690 2.990626 -2.821175
v 15.817692 2.990626 -2.821175
v -15.828241 2.294143 0.271111
v -15.770834 2.294143 0.247322
v -15.770834 2.236739 0.271111
v -15.770834 2.212938 0.328514
v -15.828241 2.236739 0.328514
v -15.852022 2.294143 0.328514
v 15.828243 2.294143 0.271111
v 15.852022 2.294143 0.328514
v 15.828243 2.236739 0.328514
v 15.770830 2.212938 0.328514
v 15.770830 2.236739 0.271111
v 15.770830 2.294143 0.247322
v -15.828241 2.294143 3.010643
v -15.852022 2.294143 2.953239
v -15.828241 2.236739 2.953239
v -15.770834 2.212938 2.953239
v -15.770834 2.236739 3.010643
v -15.770834 2.294143 3.034416
v 15.828243 2.294143 3.010643
v 15.770830 2.294143 3.034416
v 15.770830 2.236739 3.010643
v 15.770830 2.212938 2.953239
v 15.828243 2.236739 2.953239
v 15.852022 2.294143 2.953239
v -15.828241 3.001182 2.953239
v -15.852022 2.943754 2.953239
v -15.828241 2.943754 3.010643
v -15.770834 2.943754 3.034416
v -15.770834 3.001182 3.010643
v -15.770834 3.024958 2.953239
v 15.828243 3.001182 2.953239
v 15.770830 3.024958 2.953239
v 15.770830 3.001182 3.010643
v 15.770830 2.943754 3.034416
v 15.828243 2.943754 3.010643
v 15.852022 2.943754 2.953239
v -15.828241 2.943754 0.271111
v -15.852022 2.943754 0.328514
v -15.828241 3.001182 0.328514
v -15.770834 3.024958 0.328514
v -15.770834 3.001182 0.271111
v -15.770834 2.943754 0.247322
v 15.828243 2.943754 0.271111
v 15.770830 2.943754 0.247322
v 15.770830 3.001182 0.271111
v 15.770830 3.024958 0.328514
v 15.828243 3.001182 0.328514
v 15.852022 2.943754 0.328514
v -15.817690 2.247283 0.281654
v 15.817692 2.247283 0.281654
v -15.817690 2.247283 3.000084
v 15.817692 2.247283 3.000084
v -15.817690 2.990626 3.000084
v 15.817692 2.990626 3.000084
v -15.817690 2.990626 0.281654
v 15.817692 2.990626 0.281654
v -13.144339 -3.001178 2.804390
v -13.133856 -2.943766 2.804390
v -13.144339 -2.943766 2.896599
v -13.169645 -2.943766 2.934822
v -13.169645 -3.001178 2.896599
v -13.169645 -3.024958 2.804390
v -13.144339 1.452997 2.804390
v -13.169645 1.476775 2.804390
v -13.169645 1.452997 2.896599
v -13.169645 1.395585 2.934822
v -13.144339 1.395585 2.896599
v -13.133856 1.395585 2.804390
v -14.352049 -3.001178 2.804390
v -14.326738 -3.024958 2.804390
v -14.326738 -3.001178 2.896599
v -14.326738 -2.943766 2.934822
v -14.352049 -2.943766 2.896599
v -14.362532 -2.943766 2.804390
v -14.352049 1.452997 2.804390
v -14.362532 1.395585 2.804390
v -14.352049 1.395585 2.896599
v -14.326738 1.395585 2.934822
v -14.326738 1.452997 2.896599
v -14.326738 1.476775 2.804390
v -14.326738 -3.001178 1.668785
v -14.326738 -3.024958 1.761009
v -14.352049 -3.001178 1.761009
v -14.362532 -2.943766 1.761009
v -14.352049 -2.943766 1.668785
v -14.326738 -2.943766 1.630592
v -14.326738 1.452997 1.668785
v -14.326738 1.395585 1.630592
v -14.352049 1.395585 1.668785
v -14.362532 1.395585 1.761009
v -14.352049 1.452997 1.761009
v -14.326738 1.476775 1.761009
v -13.144339 -3.001178 1.761009
v -13.169645 -3.024958 1.761009
v -13.169645 -3.001178 1.668785
v -13.169645 -2.943766 1.630592
v -13.144339 -2.943766 1.668785
v -13.133856 -2.943766 1.761009
v -13.144339 1.452997 1.761009
v -13.133856 1.395585 1.761009
v -13.144339 1.395585 1.668785
v -13.169645 1.395585 1.630592
v -13.169645 1.452997 1.668785
v -13.169645 1.476775 1.761009
v -13.148989 -2.990627 2.879662
v -13.148989 1.442446 2.879662
v -14.347395 -2.990627 2.879662
v -14.347395 1.442446 2.879662
v -14.347395 -2.990627 1.685738
v -14.347395 1.442446 1.685738
v -13.148989 -2.990627 1.685738
v -13.148989 1.442446 1.685738
v -3.364204 -3.001178 2.804390
v -3.353720 -2.943766 2.804390
v -3.364204 -2.943766 2.896599
v -3.389515 -2.943766 2.934822
v -3.389515 -3.001178 2.896599
v -3.389515 -3.024958 2.804390
v -3.364204 1.452997 2.804390
v -3.389515 1.476775 2.804390
v -3.389515 1.452997 2.896599
v -3.389515 1.395585 2.934822
v -3.364204 1.395585 2.896599
v -3.353720 1.395585 2.804390
v -4.571913 -3.001178 2.804390
v -4.546606 -3.024958 2.804390
v -4.546606 -3.001178 2.896599
v -4.546606 -2.943766 2.934822
v -4.571913 -2.943766 2.896599
v -4.582399 -2.943766 2.804390
v -4.571913 1.452997 2.804390
v -4.582399 1.395585 2.804390
v -4.571913 1.395585 2.896599
v -4.546606 1.395585 2.934822
v -4.546606 1.452997 2.896599
v -4.546606 1.476775 2.804390
v -4.546606 -3.001178 1.668785
v -4.546606 -3.024958 1.761009
v -4.571913 -3.001178 1.761009
v -4.582399 -2.943766 1.761009
v -4.571913 -2.943766 1.668785
v -4.546606 -2.943766 1.630592
v -4.546606 1.452997 1.668785
v -4.546606 1.395585 1.630592
v -4.571913 1.395585 1.668785
v -4.582399 1.395585 1.761009
v -4.571913 1.452997 1.761009
v -4.546606 1.476775 1.761009
v -3.364204 -3.001178 1.761009
v -3.389515 -3.024958 1.761009
v -3.389515 -3.001178 1.668785
v -3.389515 -2.943766 1.630592
v -3.364204 -2.943766 1.668785
v -3.353720 -2.943766 1.761009
v -3.364204 1.452997 1.761009
v -3.353720 1.395585 1.761009
v -3.364204 1.395585 1.668785
v -3.389515 1.395585 1.630592
v -3.389515 1.452997 1.668785
v -3.389515 1.476775 1.761009
v -3.368856 -2.990627 2.879662
v -3.368856 1.442446 2.879662
v -4.567263 -2.990627 2.879662
v -4.567263 1.442446 2.879662
v -4.567263 -2.990627 1.685738
v -4.567263 1.442446 1.685738
v -3.368856 -2.990627 1.685738
v -3.368856 1.442446 1.685738
v -3.364204 -3.001178 -1.523964
v -3.353720 -2.943766 -1.523964
v -3.364204 -2.943766 -1.431755
v -3.389515 -2.943766 -1.393532
v -3.389515 -3.001178 -1.431755
v -3.389515 -3.024958 -1.523964
v -3.364204 1.452997 -1.523964
v -3.389515 1.476775 -1.523964
v -3.389515 1.452997 -1.431755
v -3.389515 1.395585 -1.393532
v -3.364204 1.395585 -1.431755
v -3.353720 1.395585 -1.523964
v -4.571913 -3.001178 -1.523964
v -4.546606 -3.024958 -1.523964
v -4.546606 -3.001178 -1.431755
v -4.546606 -2.943766 -1.393532
v -4.571913 -2.943766 -1.431755
v -4.582399 -2.943766 -1.523964
v -4.571913 1.452997 -1.523964
v -4.582399 1.395585 -1.523964
v -4.571913 1.395585 -1.431755
v -4.546606 1.395585 -1.393532
v -4.546606 1.452997 -1.431755
v -4.546606 1.476775 -1.523964
v -4.546606 -3.001178 -2.659569
v -4.546606 -3.024958 -2.567345
v -4.571913 -3.001178 -2.567345
v -4.582399 -2.943766 -2.567345
v -4.571913 -2.943766 -2.659569
v -4.546606 -2.943766 -2.697762
v -4.546606 1.452997 -2.659569
v -4.546606 1.395585 -2.697762
v -4.571913 1.395585 -2.659569
v -4.582399 1.395585 -2.567345
v -4.571913 1.452997 -2.567345
v -4.546606 1.476775 -2.567345
v -3.364204 -3.001178 -2.567345
v -3.389515 -3.024958 -2.567345
v -3.389515 -3.001178 -2.659569
v -3.389515 -2.943766 -2.697762
v -3.364204 -2.943766 -2.659569
v -3.353720 -2.943766 -2.567345
v -3.364204 1.452997 -2.567345
v -3.353720 1.395585 -2.567345
v -3.364204 1.395585 -2.659569
v -3.389515 1.395585 -2.697762
v -3.389515 1.452997 -2.659569
v -3.389515 1.476775 -2.567345
v -3.368856 -2.990627 -1.448692
v -3.368856 1.442446 -1.448692
v -4.567263 -2.990627 -1.448692
v -4.567263 1.442446 -1.448692
v -4.567263 -2.990627 -2.642616
v -4.567263 1.442446 -2.642616
v -3.368856 -2.990627 -2.642616
v -3.368856 1.442446 -2.642616
v 5.264044 -3.001178 2.804390
v 5.274529 -2.943766 2.804390
v 5.264044 -2.943766 2.896599
v 5.238733 -2.943766 2.934822
v 5.238733 -3.001178 2.896599
v 5.238733 -3.024958 2.804390
v 5.264044 1.452997 2.804390
v 5.238733 1.476775 2.804390
v 5.238733 1.452997 2.896599
v 5.238733 1.395585 2.934822
v 5.264044 1.395585 2.896599
v 5.274529 1.395585 2.804390
v 4.056334 -3.001178 2.804390
v 4.081644 -3.024958 2.804390
v 4.081644 -3.001178 2.896599
v 4.081644 -2.943766 2.934822
v 4.056334 -2.943766 2.896599
v 4.045851 -2.943766 2.804390
v 4.056334 1.452997 2.804390
v 4.045851 1.395585 2.804390
v 4.056334 1.395585 2.896599
v 4.081644 1.395585 2.934822
v 4.081644 1.452997 2.896599
v 4.081644 1.476775 2.804390
v 4.081644 -3.001178 1.668785
v 4.081644 -3.024958 1.761009
v 4.056334 -3.001178 1.761009
v 4.045851 -2.943766 1.761009
v 4.056334 -2.943766 1.668785
v 4.081644 -2.943766 1.630592
v 4.081644 1.452997 1.668785
v 4.081644 1.395585 1.630592
v 4.056334 1.395585 1.668785
v 4.045851 1.395585 1.761009
v 4.056334 1.452997 1.761009
v 4.081644 1.476775 1.761009
v 5.264044 -3.001178 1.761009
v 5.238733 -3.024958 1.761009
v 5.238733 -3.001178 1.668785
v 5.238733 -2.943766 1.630592
v 5.264044 -2.943766 1.668785
v 5.274529 -2.943766 1.761009
v 5.264044 1.452997 1.761009
v 5.274529 1.395585 1.761009
v 5.264044 1.395585 1.668785
v 5.238733 1.395585 1.630592
v 5.238733 1.452997 1.668785
v 5.238733 1.476775 1.761009
v 5.259392 -2.990627 2.879662
v 5.259392 1.442446 2.879662
v 4.060986 -2.990627 2.879662
v 4.060986 1.442446 2.879662
v 4.060986 -2.990627 1.685738
v 4.060986 1.442446 1.685738
v 5.259392 -2.990627 1.685738
v 5.259392 1.442446 1.685738
v 5.264044 -3.001178 -1.523964
v 5.274529 -2.943766 -1.523964
v 5.264044 -2.943766 -1.431755
v 5.238733 -2.943766 -1.393532
v 5.238733 -3.001178 -1.431755
v 5.238733 -3.024958 -1.523964
v 5.264044 1.452997 -1.523964
v 5.238733 1.476775 -1.523964
v 5.238733 1.452997 -1.431755
v 5.238733 1.395585 -1.393532
v 5.264044 1.395585 -1.431755
v 5.274529 1.395585 -1.523964
v 4.056334 -3.001178 -1.523964
v 4.081644 -3.024958 -1.523964
v 4.081644 -3.001178 -1.431755
v 4.081644 -2.943766 -1.393532
v 4.056334 -2.943766 -1.431755
v 4.045851 -2.943766 -1.523964
v 4.056334 1.452997 -1.523964
v 4.045851 1.395585 -1.523964
v 4.056334 1.395585 -1.431755
v 4.081644 1.395585 -1.393532
v 4.081644 1.452997 -1.431755
v 4.081644 1.476775 -1.523964
v 4.081644 -3.001178 -2.659569
v 4.081644 -3.024958 -2.567345
v 4.056334 -3.001178 -2.567345
v 4.045851 -2.943766 -2.567345
v 4.056334 -2.943766 -2.659569
v 4.081644 -2.943766 -2.697762
v 4.081644 1.452997 -2.659569
v 4.081644 1.395585 -2.697762
v 4.056334 1.395585 -2.659569
v 4.045851 1.395585 -2.567345
v 4.056334 1.452997 -2.567345
v 4.081644 1.476775 -2.567345
v 5.264044 -3.001178 -2.567345
v 5.238733 -3.024958 -2.567345
v 5.238733 -3.001178 -2.659569
v 5.238733 -2.943766 -2.697762
v 5.264044 -2.943766 -2.659569
v 5.274529 -2.943766 -2.567345
v 5.264044 1.452997 -2.567345
v 5.274529 1.395585 -2.567345
v 5.264044 1.395585 -2.659569
v 5.238733 1.395585 -2.697762
v 5.238733 1.452997 -2.659569
v 5.238733 1.476775 -2.567345
v 5.259392 -2.990627 -1.448692
v 5.259392 1.442446 -1.448692
v 4.060986 -2.990627 -1.448692
v 4.060986 1.442446 -1.448692
v 4.060986 -2.990627 -2.642616
v 4.060986 1.442446 -2.642616
v 5.259392 -2.990627 -2.642616
v 5.259392 1.442446 -2.642616
v 14.257584 -3.001178 2.804390
v 14.268068 -2.943766 2.804390
v 14.257584 -2.943766 2.896599
v 14.232274 -2.943766 2.934822
v 14.232274 -3.001178 2.896599
v 14.232274 -3.024958 2.804390
v 14.257584 1.452997 2.804390
v 14.232274 1.476775 2.804390
v 14.232274 1.452997 2.896599
v 14.232274 1.395585 2.934822
v 14.257584 1.395585 2.896599
v 14.268068 1.395585 2.804390
v 13.049875 -3.001178 2.804390
v 13.075183 -3.024958 2.804390
v 13.075183 -3.001178 2.896599
v 13.075183 -2.943766 2.934822
v 13.049875 -2.943766 2.896599
v 13.039391 -2.943766 2.804390
v 13.049875 1.452997 2.804390
v 13.039391 1.395585 2.804390
v 13.049875 1.395585 2.896599
v 13.075183 1.395585 2.934822
v 13.075183 1.452997 2.896599
v 13.075183 1.476775 2.804390
v 13.075183 -3.001178 1.668785
v 13.075183 -3.024958 1.761009
v 13.049875 -3.001178 1.761009
v 13.039391 -2.943766 1.761009
v 13.049875 -2.943766 1.668785
v 13.075183 -2.943766 1.630592
v 13.075183 1.452997 1.668785
v 13.075183 1.395585 1.630592
v 13.049875 1.395585 1.668785
v 13.039391 1.395585 1.761009
v 13.049875 1.452997 1.761009
v 13.075183 1.476775 1.761009
v 14.257584 -3.001178 1.761009
v 14.232274 -3.024958 1.761009
v 14.232274 -3.001178 1.668785
v 14.232274 -2.943766 1.630592
v 14.257584 -2.943766 1.668785
v 14.268068 -2.943766 1.761009
v 14.257584 1.452997 1.761009
v 14.268068 1.395585 1.761009
v 14.257584 1.395585 1.668785
v 14.232274 1.395585 1.630592
v 14.232274 1.452997 1.668785
v 14.232274 1.476775 1.761009
v 14.252933 -2.990627 2.879662
v 14.252933 1.442446 2.879662
v 13.054525 -2.990627 2.879662
v 13.054525 1.442446 2.879662
v 13.054525 -2.990627 1.685738
v 13.054525 1.442446 1.685738
v 14.252933 -2.990627 1.685738
v 14.252933 1.442446 1.685738
v 14.257584 -3.001178 -1.523964
v 14.268068 -2.943766 -1.523964
v 14.257584 -2.943766 -1.431755
v 14.232274 -2.943766 -1.393532
v 14.232274 -3.001178 -1.431755
v 14.232274 -3.024958 -1.523964
v 14.257584 1.452997 -1.523964
v 14.232274 1.476775 -1.523964
v 14.232274 1.452997 -1.431755
v 14.232274 1.395585 -1.393532
v 14.257584 1.395585 -1.431755
v 14.268068 1.395585 -1.523964
v 13.049875 -3.001178 -1.523964
v 13.075183 -3.024958 -1.523964
v 13.075183 -3.001178 -1.431755
v 13.075183 -2.943766 -1.393532
v 13.049875 -2.943766 -1.431755
v 13.039391 -2.943766 -1.523964
v 13.049875 1.452997 -1.523964
v 13.039391 1.395585 -1.523964
v 13.049875 1.395585 -1.431755
v 13.075183 1.395585 -1.393532
v 13.075183 1.452997 -1.431755
v 13.075183 1.476775 -1.523964
v 13.075183 -3.001178 -2.659569
v 13.075183 -3.024958 -2.567345
v 13.049875 -3.001178 -2.567345
v 13.039391 -2.943766 -2.567345
v 13.049875 -2.943766 -2.659569
v 13.075183 -2.943766 -2.697762
v 13.075183 1.452997 -2.659569
v 13.075183 1.395585 -2.697762
v 13.049875 1.395585 -2.659569
v 13.039391 1.395585 -2.567345
v 13.049875 1.452997 -2.567345
v 13.075183 1.476775 -2.567345
v 14.257584 -3.001178 -2.567345
v 14.232274 -3.024958 -2.567345
v 14.232274 -3.001178 -2.659569
v 14.232274 -2.943766 -2.697762
v 14.257584 -2.943766 -2.659569
v 14.268068 -2.943766 -2.567345
v 14.257584 1.452997 -2.567345
v 14.268068 1.395585 -2.567345
v 14.257584 1.395585 -2.659569
v 14.232274 1.395585 -2.697762
v 14.232274 1.452997 -2.659569
v 14.232274 1.476775 -2.567345
v 14.252933 -2.990627 -1.448692
v 14.252933 1.442446 -1.448692
v 13.054525 -2.990627 -1.448692
v 13.054525 1.442446 -1.448692
v 13.054525 -2.990627 -2.642616
v 13.054525 1.442446 -2.642616
v 14.252933 -2.990627 -2.642616
v 14.252933 1.442446 -2.642616
vt 0.237305 0.219434
vt 0.237838 0.219434
vt 0.237837 0.228920
vt 0.237298 0.228919
vt 0.238752 0.263512
vt 0.238756 0.263193
vt 0.248284 0.263183
vt 0.248289 0.263500
vt 0.237272 0.263181
vt 0.237276 0.263597
vt 0.190450 0.263573
vt 0.190454 0.263158
vt 0.237305 0.218559
vt 0.190446 0.219420
vt 0.190446 0.218577
vt 0.237890 0.263189
vt 0.237872 0.252646
vt 0.238738 0.252631
vt 0.237273 0.252682
vt 0.188971 0.263167
vt 0.188975 0.263486
vt 0.179446 0.263463
vt 0.179451 0.263146
vt 0.189915 0.219419
vt 0.190450 0.228903
vt 0.189913 0.228904
vt 0.189837 0.263164
vt 0.189864 0.252623
vt 0.190464 0.252659
vt 0.188999 0.252608
vt 0.238734 0.252308
vt 0.248273 0.252298
vt 0.248270 0.252615
vt 0.237831 0.251427
vt 0.237286 0.251427
vt 0.237292 0.241941
vt 0.237830 0.241940
vt 0.237279 0.252270
vt 0.190458 0.252248
vt 0.190452 0.251406
vt 0.189907 0.251404
vt 0.189915 0.241921
vt 0.190453 0.241922
vt 0.189003 0.252286
vt 0.179472 0.252589
vt 0.179469 0.252273
vt 0.249140 0.252610
vt 0.249153 0.263185
vt 0.237908 0.240713
vt 0.237286 0.240685
vt 0.237292 0.230176
vt 0.237914 0.230149
vt 0.237289 0.241099
vt 0.190456 0.241079
vt 0.190459 0.240666
vt 0.189837 0.240693
vt 0.189835 0.230132
vt 0.190457 0.230159
vt 0.178603 0.252584
vt 0.178582 0.263147
vt 0.237295 0.229762
vt 0.190454 0.229746
vt 0.237956 0.263470
vt 0.237752 0.218724
vt 0.190012 0.218727
vt 0.189771 0.263444
vt 0.237873 0.252303
vt 0.189864 0.252280
vt 0.237798 0.241143
vt 0.249007 0.252368
vt 0.178734 0.252343
vt 0.189948 0.241124
vt 0.237804 0.229717
vt 0.249022 0.263427
vt 0.178713 0.263388
vt 0.189945 0.229701
vt 0.189228 0.166890
vt 0.188682 0.166897
vt 0.188676 0.161186
vt 0.189227 0.161201
vt 0.188154 0.105742
vt 0.188139 0.106294
vt 0.182449 0.106291
vt 0.182443 0.105746
vt 0.189222 0.106294
vt 0.189220 0.105749
vt 0.240654 0.105747
vt 0.240652 0.106292
vt 0.189227 0.167444
vt 0.240665 0.166881
vt 0.240665 0.167425
vt 0.188680 0.106294
vt 0.188684 0.129275
vt 0.188142 0.129277
vt 0.189225 0.129270
vt 0.241735 0.106292
vt 0.241720 0.105740
vt 0.247431 0.105744
vt 0.247425 0.106289
vt 0.241210 0.166888
vt 0.240662 0.161193
vt 0.241213 0.161178
vt 0.241194 0.106292
vt 0.241193 0.129270
vt 0.240652 0.129265
vt 0.241735 0.129272
vt 0.188155 0.129835
vt 0.182441 0.129824
vt 0.182448 0.129279
vt 0.188663 0.130342
vt 0.189222 0.130356
vt 0.189222 0.136045
vt 0.188670 0.136062
vt 0.189222 0.129812
vt 0.240655 0.129807
vt 0.240656 0.130350
vt 0.241214 0.130337
vt 0.241209 0.136055
vt 0.240657 0.136039
vt 0.241721 0.129830
vt 0.247426 0.129274
vt 0.247433 0.129819
vt 0.181904 0.129280
vt 0.181905 0.106289
vt 0.188677 0.137128
vt 0.189223 0.137132
vt 0.189228 0.160115
vt 0.188682 0.160120
vt 0.189223 0.136589
vt 0.240657 0.136583
vt 0.240657 0.137125
vt 0.241203 0.137121
vt 0.241207 0.160111
vt 0.240661 0.160107
vt 0.247970 0.129276
vt 0.247969 0.106288
vt 0.189228 0.160658
vt 0.240662 0.160650
vt 0.188692 0.105837
vt 0.188765 0.167359
vt 0.241123 0.167345
vt 0.241182 0.105835
vt 0.188717 0.129780
vt 0.241160 0.129775
vt 0.188765 0.136600
vt 0.181983 0.129738
vt 0.247890 0.129734
vt 0.241115 0.136593
vt 0.188770 0.160648
vt 0.181985 0.105831
vt 0.247889 0.105830
vt 0.241119 0.160639
vt 0.189228 0.101287
vt 0.188682 0.101294
vt 0.188675 0.095583
vt 0.189227 0.095598
vt 0.188154 0.040139
vt 0.188139 0.040691
vt 0.182449 0.040688
vt 0.182443 0.040143
vt 0.189222 0.040691
vt 0.189220 0.040147
vt 0.240654 0.040144
vt 0.240652 0.040689
vt 0.189227 0.101841
vt 0.240665 0.101278
vt 0.240665 0.101822
vt 0.188681 0.040691
vt 0.188684 0.063672
vt 0.188142 0.063674
vt 0.189225 0.063667
vt 0.241735 0.040689
vt 0.241720 0.040137
vt 0.247431 0.040141
vt 0.247425 0.040687
vt 0.241210 0.101285
vt 0.240662 0.095590
vt 0.241213 0.095575
vt 0.241194 0.040689
vt 0.241193 0.063667
vt 0.240652 0.063662
vt 0.241735 0.063669
vt 0.188155 0.064232
vt 0.182441 0.064221
vt 0.182448 0.063676
vt 0.188663 0.064739
vt 0.189222 0.064753
vt 0.189222 0.070443
vt 0.188670 0.070459
vt 0.189222 0.064210
vt 0.240655 0.064204
vt 0.240656 0.064747
vt 0.241214 0.064734
vt 0.241209 0.070452
vt 0.240657 0.070437
vt 0.241721 0.064227
vt 0.247426 0.063671
vt 0.247433 0.064216
vt 0.181904 0.063677
vt 0.181905 0.040686
vt 0.188677 0.071525
vt 0.189223 0.071529
vt 0.189228 0.094512
vt 0.188682 0.094517
vt 0.189223 0.070986
vt 0.240657 0.070980
vt 0.240657 0.071523
vt 0.241203 0.071518
vt 0.241207 0.094508
vt 0.240661 0.094504
vt 0.247970 0.063673
vt 0.247969 0.040685
vt 0.189228 0.095055
vt 0.240662 0.095047
vt 0.188692 0.040234
vt 0.188765 0.101756
vt 0.241123 0.101742
vt 0.241182 0.040232
vt 0.188717 0.064177
vt 0.241160 0.064172
vt 0.188765 0.070997
vt 0.181983 0.064135
vt 0.247890 0.064131
vt 0.241115 0.070990
vt 0.188770 0.095045
vt 0.181985 0.040228
vt 0.247889 0.040227
vt 0.241119 0.095036
vt 0.192812 0.166890
vt 0.192266 0.166897
vt 0.192260 0.161186
vt 0.192811 0.161201
vt 0.191738 0.105742
vt 0.191724 0.106294
vt 0.186033 0.106291
vt 0.186027 0.105746
vt 0.192806 0.106294
vt 0.192805 0.105749
vt 0.244238 0.105747
vt 0.244236 0.106292
vt 0.192811 0.167444
vt 0.244249 0.166881
vt 0.244250 0.167425
vt 0.192265 0.106294
vt 0.192268 0.129275
vt 0.191726 0.129277
vt 0.192809 0.129270
vt 0.245319 0.106292
vt 0.245304 0.105740
vt 0.251015 0.105744
vt 0.251009 0.106289
vt 0.244794 0.166888
vt 0.244246 0.161193
vt 0.244797 0.161178
vt 0.244778 0.106292
vt 0.244777 0.129270
vt 0.244236 0.129265
vt 0.245319 0.129272
vt 0.191739 0.129835
vt 0.186025 0.129824
vt 0.186032 0.129279
vt 0.192247 0.130342
vt 0.192806 0.130356
vt 0.192806 0.136045
vt 0.192255 0.136062
vt 0.192806 0.129812
vt 0.244239 0.129807
vt 0.244240 0.130350
vt 0.244798 0.130337
vt 0.244793 0.136055
vt 0.244241 0.136039
vt 0.245306 0.129830
vt 0.251010 0.129274
vt 0.251017 0.129819
vt 0.185488 0.129280
vt 0.185489 0.106289
vt 0.192261 0.137128
vt 0.192807 0.137132
vt 0.192812 0.160115
vt 0.192266 0.160120
vt 0.192807 0.136589
vt 0.244241 0.136583
vt 0.244241 0.137125
vt 0.244787 0.137121
vt 0.244791 0.160111
vt 0.244246 0.160107
vt 0.251554 0.129276
vt 0.251553 0.106288
vt 0.192812 0.160658
vt 0.244246 0.160650
vt 0.192276 0.105837
vt 0.192349 0.167359
vt 0.244707 0.167345
vt 0.244766 0.105835
vt 0.192301 0.129780
vt 0.244744 0.129775
vt 0.192349 0.136600
vt 0.185567 0.129738
vt 0.251474 0.129734
vt 0.244699 0.136593
vt 0.192354 0.160648
vt 0.185569 0.105831
vt 0.251473 0.105830
vt 0.244703 0.160639
vt 0.192812 0.101287
vt 0.192266 0.101294
vt 0.192260 0.095583
vt 0.192811 0.095598
vt 0.191738 0.040139
vt 0.191724 0.040691
vt 0.186033 0.040688
vt 0.186027 0.040143
vt 0.192806 0.040691
vt 0.192805 0.040147
vt 0.244238 0.040144
vt 0.244236 0.040689
vt 0.192811 0.101841
vt 0.244249 0.101278
vt 0.244250 0.101822
vt 0.192265 0.040691
vt 0.192268 0.063672
vt 0.191726 0.063674
vt 0.192809 0.063667
vt 0.245319 0.040689
vt 0.245304 0.040137
vt 0.251015 0.040141
vt 0.251009 0.040687
vt 0.244794 0.101285
vt 0.244246 0.095590
vt 0.244797 0.095575
vt 0.244778 0.040689
vt 0.244777 0.063667
vt 0.244236 0.063662
vt 0.245319 0.063669
vt 0.191739 0.064232
vt 0.186025 0.064221
vt 0.186032 0.063676
vt 0.192247 0.064739
vt 0.192806 0.064753
vt 0.192806 0.070443
vt 0.192255 0.070459
vt 0.192806 0.064210
vt 0.244239 0.064204
vt 0.244240 0.064747
vt 0.244798 0.064734
vt 0.244793 0.070452
vt 0.244241 0.070437
vt 0.245306 0.064227
vt 0.251010 0.063671
vt 0.251017 0.064216
vt 0.185488 0.063677
vt 0.185489 0.040686
vt 0.192261 0.071525
vt 0.192807 0.071529
vt 0.192812 0.094512
vt 0.192266 0.094517
vt 0.192807 0.070986
vt 0.244241 0.070980
vt 0.244241 0.071523
vt 0.244787 0.071518
vt 0.244791 0.094508
vt 0.244246 0.094504
vt 0.251554 0.063673
vt 0.251553 0.040685
vt 0.192812 0.095055
vt 0.244246 0.095047
vt 0.192276 0.040234
vt 0.192349 0.101756
vt 0.244707 0.101742
vt 0.244766 0.040232
vt 0.192301 0.064177
vt 0.244744 0.064172
vt 0.192349 0.070997
vt 0.185567 0.064135
vt 0.251474 0.064131
vt 0.244699 0.070990
vt 0.192354 0.095045
vt 0.185569 0.040228
vt 0.251473 0.040227
vt 0.244703 0.095036
vt 0.106366 0.043211
vt 0.107325 0.041484
vt 0.112748 0.042386
vt 0.112782 0.043166
vt 0.176570 0.042372
vt 0.175786 0.042349
vt 0.176020 0.035389
vt 0.176933 0.035426
vt 0.175604 0.043651
vt 0.176231 0.043660
vt 0.173720 0.507012
vt 0.173100 0.507007
vt 0.094832 0.031322
vt 0.103008 0.507836
vt 0.102374 0.507848
vt 0.175695 0.042999
vt 0.149125 0.042959
vt 0.149052 0.042400
vt 0.149207 0.043484
vt 0.172974 0.507977
vt 0.173383 0.507880
vt 0.173725 0.513517
vt 0.173155 0.513571
vt 0.102896 0.508413
vt 0.109704 0.507772
vt 0.109814 0.508483
vt 0.173026 0.507471
vt 0.147171 0.507983
vt 0.146995 0.507382
vt 0.147298 0.508573
vt 0.148413 0.042604
vt 0.147888 0.036112
vt 0.148523 0.036011
vt 0.148021 0.042639
vt 0.147963 0.043464
vt 0.141445 0.043392
vt 0.141342 0.042725
vt 0.148585 0.043475
vt 0.146366 0.507392
vt 0.145736 0.507400
vt 0.145703 0.508034
vt 0.139177 0.508054
vt 0.139147 0.507477
vt 0.146837 0.508670
vt 0.147856 0.514470
vt 0.147408 0.514401
vt 0.148487 0.035363
vt 0.175959 0.034705
vt 0.140202 0.042781
vt 0.140202 0.043382
vt 0.114017 0.043171
vt 0.114043 0.042587
vt 0.140823 0.043388
vt 0.138515 0.507487
vt 0.137882 0.507492
vt 0.137928 0.508131
vt 0.111000 0.508404
vt 0.110981 0.507760
vt 0.147831 0.515057
vt 0.173155 0.514153
vt 0.113398 0.043167
vt 0.110343 0.507765
vt 0.176214 0.042913
vt 0.105615 0.032202
vt 0.102546 0.508047
vt 0.173360 0.507280
vt 0.148842 0.043090
vt 0.146653 0.508119
vt 0.140979 0.043007
vt 0.147390 0.035924
vt 0.147208 0.514667
vt 0.138665 0.508220
vt 0.113357 0.042566
vt 0.176752 0.034639
vt 0.173732 0.514128
vt 0.110325 0.508278
vt 0.020443 0.043211
vt 0.021402 0.041484
vt 0.026825 0.042386
vt 0.026858 0.043166
vt 0.090647 0.042372
vt 0.089864 0.042349
vt 0.090097 0.035389
vt 0.091009 0.035426
vt 0.089681 0.043651
vt 0.090308 0.043660
vt 0.087797 0.507012
vt 0.087178 0.507007
vt 0.008909 0.031322
vt 0.017085 0.507836
vt 0.016451 0.507848
vt 0.089772 0.042999
vt 0.063202 0.042959
vt 0.063129 0.042400
vt 0.063284 0.043484
vt 0.087051 0.507977
vt 0.087460 0.507880
vt 0.087802 0.513517
vt 0.087231 0.513571
vt 0.016973 0.508413
vt 0.023781 0.507773
vt 0.023891 0.508483
vt 0.087103 0.507471
vt 0.061248 0.507983
vt 0.061072 0.507382
vt 0.061374 0.508573
vt 0.062490 0.042604
vt 0.061965 0.036112
vt 0.062600 0.036011
vt 0.062098 0.042639
vt 0.062040 0.043464
vt 0.055522 0.043392
vt 0.055419 0.042725
vt 0.062662 0.043475
vt 0.060443 0.507392
vt 0.059813 0.507400
vt 0.059780 0.508034
vt 0.053254 0.508054
vt 0.053224 0.507478
vt 0.060914 0.508670
vt 0.061933 0.514470
vt 0.061485 0.514401
vt 0.062564 0.035363
vt 0.090036 0.034705
vt 0.054279 0.042781
vt 0.054279 0.043382
vt 0.028094 0.043171
vt 0.028120 0.042587
vt 0.054900 0.043388
vt 0.052592 0.507487
vt 0.051959 0.507492
vt 0.052006 0.508131
vt 0.025077 0.508404
vt 0.025059 0.507760
vt 0.061908 0.515057
vt 0.087232 0.514153
vt 0.027475 0.043167
vt 0.024420 0.507765
vt 0.090291 0.042913
vt 0.019692 0.032202
vt 0.016623 0.508047
vt 0.087437 0.507280
vt 0.062919 0.043090
vt 0.060730 0.508119
vt 0.055056 0.043007
vt 0.061467 0.035924
vt 0.061285 0.514667
vt 0.052742 0.508220
vt 0.027434 0.042566
vt 0.090829 0.034639
vt 0.087809 0.514128
vt 0.024402 0.508278
vt 0.237305 0.170691
vt 0.237837 0.170691
vt 0.237837 0.180177
vt 0.237299 0.180176
vt 0.238753 0.214769
vt 0.238756 0.214450
vt 0.248284 0.214440
vt 0.248289 0.214757
vt 0.237272 0.214438
vt 0.237276 0.214854
vt 0.190450 0.214830
vt 0.190454 0.214414
vt 0.237306 0.169816
vt 0.190446 0.170677
vt 0.190445 0.169833
vt 0.237890 0.214446
vt 0.237872 0.203903
vt 0.238738 0.203887
vt 0.237273 0.203938
vt 0.188971 0.214423
vt 0.188974 0.214742
vt 0.179446 0.214719
vt 0.179451 0.214403
vt 0.189915 0.170676
vt 0.190450 0.180160
vt 0.189912 0.180161
vt 0.189837 0.214421
vt 0.189865 0.203881
vt 0.190464 0.203916
vt 0.188999 0.203865
vt 0.238734 0.203565
vt 0.248273 0.203555
vt 0.248270 0.203872
vt 0.237831 0.202684
vt 0.237286 0.202684
vt 0.237292 0.193198
vt 0.237830 0.193198
vt 0.237279 0.203527
vt 0.190458 0.203505
vt 0.190452 0.202662
vt 0.189907 0.202661
vt 0.189915 0.193178
vt 0.190453 0.193179
vt 0.189003 0.203542
vt 0.179472 0.203846
vt 0.179469 0.203529
vt 0.249140 0.203867
vt 0.249154 0.214442
vt 0.237908 0.191970
vt 0.237286 0.191942
vt 0.237292 0.181432
vt 0.237914 0.181405
vt 0.237289 0.192355
vt 0.190456 0.192336
vt 0.190459 0.191923
vt 0.189837 0.191951
vt 0.189835 0.181389
vt 0.190457 0.181416
vt 0.178603 0.203841
vt 0.178582 0.214404
vt 0.237295 0.181019
vt 0.190454 0.181003
vt 0.237956 0.214727
vt 0.237753 0.169981
vt 0.190012 0.169984
vt 0.189771 0.214701
vt 0.237873 0.203560
vt 0.189864 0.203537
vt 0.237798 0.192401
vt 0.249008 0.203625
vt 0.178734 0.203600
vt 0.189948 0.192381
vt 0.237804 0.180974
vt 0.249022 0.214684
vt 0.178713 0.214645
vt 0.189945 0.180958
vt 0.237305 0.219434
vt 0.237838 0.219434
vt 0.237837 0.228920
vt 0.237298 0.228919
vt 0.238752 0.263512
vt 0.238756 0.263193
vt 0.248284 0.263183
vt 0.248289 0.263500
vt 0.237272 0.263181
vt 0.237276 0.263597
vt 0.190450 0.263573
vt 0.190454 0.263158
vt 0.237305 0.218559
vt 0.190446 0.219420
vt 0.190446 0.218577
vt 0.237890 0.263189
vt 0.237872 0.252646
vt 0.238738 0.252631
vt 0.237273 0.252682
vt 0.188971 0.263167
vt 0.188975 0.263486
vt 0.179446 0.263463
vt 0.179451 0.263146
vt 0.189915 0.219419
vt 0.190450 0.228903
vt 0.189913 0.228904
vt 0.189837 0.263164
vt 0.189864 0.252623
vt 0.190464 0.252659
vt 0.188999 0.252608
vt 0.238734 0.252308
vt 0.248273 0.252298
vt 0.248270 0.252615
vt 0.237831 0.251427
vt 0.237286 0.251427
vt 0.237292 0.241941
vt 0.237830 0.241940
vt 0.237279 0.252270
vt 0.190458 0.252248
vt 0.190452 0.251406
vt 0.189907 0.251404
vt 0.189915 0.241921
vt 0.190453 0.241922
vt 0.189003 0.252286
vt 0.179472 0.252589
vt 0.179469 0.252273
vt 0.249140 0.252610
vt 0.249153 0.263185
vt 0.237908 0.240713
vt 0.237286 0.240685
vt 0.237292 0.230176
vt 0.237914 0.230149
vt 0.237289 0.241099
vt 0.190456 0.241079
vt 0.190459 0.240666
vt 0.189837 0.240693
vt 0.189835 0.230132
vt 0.190457 0.230159
vt 0.178603 0.252584
vt 0.178582 0.263147
vt 0.237295 0.229762
vt 0.190454 0.229746
vt 0.237956 0.263470
vt 0.237752 0.218724
vt 0.190012 0.218727
vt 0.189771 0.263444
vt 0.237873 0.252303
vt 0.189864 0.252280
vt 0.237798 0.241143
vt 0.249007 0.252368
vt 0.178734 0.252343
vt 0.189948 0.241124
vt 0.237804 0.229717
vt 0.249022 0.263427
vt 0.178713 0.263388
vt 0.189945 0.229701
vt 0.237305 0.170691
vt 0.237837 0.170691
vt 0.237837 0.180177
vt 0.237299 0.180176
vt 0.238753 0.214769
vt 0.238756 0.214450
vt 0.248284 0.214440
vt 0.248289 0.214757
vt 0.237272 0.214438
vt 0.237276 0.214854
vt 0.190450 0.214830
vt 0.190454 0.214414
vt 0.237306 0.169816
vt 0.190446 0.170677
vt 0.190445 0.169833
vt 0.237890 0.214446
vt 0.237872 0.203903
vt 0.238738 0.203887
vt 0.237273 0.203938
vt 0.188971 0.214423
vt 0.188974 0.214742
vt 0.179446 0.214719
vt 0.179451 0.214403
vt 0.189915 0.170676
vt 0.190450 0.180160
vt 0.189912 0.180161
vt 0.189837 0.214421
vt 0.189865 0.203881
vt 0.190464 0.203916
vt 0.188999 0.203865
vt 0.238734 0.203565
vt 0.248273 0.203555
vt 0.248270 0.203872
vt 0.237831 0.202684
vt 0.237286 0.202684
vt 0.237292 0.193198
vt 0.237830 0.193198
vt 0.237279 0.203527
vt 0.190458 0.203505
vt 0.190452 0.202662
vt 0.189907 0.202661
vt 0.189915 0.193178
vt 0.190453 0.193179
vt 0.189003 0.203542
vt 0.179472 0.203846
vt 0.179469 0.203529
vt 0.249140 0.203867
vt 0.249154 0.214442
vt 0.237908 0.191970
vt 0.237286 0.191942
vt 0.237292 0.181432
vt 0.237914 0.181405
vt 0.237289 0.192355
vt 0.190456 0.192336
vt 0.190459 0.191923
vt 0.189837 0.191951
vt 0.189835 0.181389
vt 0.190457 0.181416
vt 0.178603 0.203841
vt 0.178582 0.214404
vt 0.237295 0.181019
vt 0.190454 0.181003
vt 0.237956 0.214727
vt 0.237753 0.169981
vt 0.190012 0.169984
vt 0.189771 0.214701
vt 0.237873 0.203560
vt 0.189864 0.203537
vt 0.237798 0.192401
vt 0.249008 0.203625
vt 0.178734 0.203600
vt 0.189948 0.192381
vt 0.237804 0.180974
vt 0.249022 0.214684
vt 0.178713 0.214645
vt 0.189945 0.180958
vt 0.237305 0.170691
vt 0.237837 0.170691
vt 0.237837 0.180177
vt 0.237299 0.180176
vt 0.238753 0.214769
vt 0.238756 0.214450
vt 0.248284 0.214440
vt 0.248289 0.214757
vt 0.237272 0.214438
vt 0.237276 0.214854
vt 0.190450 0.214830
vt 0.190454 0.214414
vt 0.237306 0.169816
vt 0.190446 0.170677
vt 0.190445 0.169833
vt 0.237890 0.214446
vt 0.237872 0.203903
vt 0.238738 0.203887
vt 0.237273 0.203938
vt 0.188971 0.214423
vt 0.188974 0.214742
vt 0.179446 0.214719
vt 0.179451 0.214403
vt 0.189915 0.170676
vt 0.190450 0.180160
vt 0.189912 0.180161
vt 0.189837 0.214421
vt 0.189865 0.203881
vt 0.190464 0.203916
vt 0.188999 0.203865
vt 0.238734 0.203565
vt 0.248273 0.203555
vt 0.248270 0.203872
vt 0.237831 0.202684
vt 0.237286 0.202684
vt 0.237292 0.193198
vt 0.237830 0.193198
vt 0.237279 0.203527
vt 0.190458 0.203505
vt 0.190452 0.202662
vt 0.189907 0.202661
vt 0.189915 0.193178
vt 0.190453 0.193179
vt 0.189003 0.203542
vt 0.179472 0.203846
vt 0.179469 0.203529
vt 0.249140 0.203867
vt 0.249154 0.214442
vt 0.237908 0.191970
vt 0.237286 0.191942
vt 0.237292 0.181432
vt 0.237914 0.181405
vt 0.237289 0.192355
vt 0.190456 0.192336
vt 0.190459 0.191923
vt 0.189837 0.191951
vt 0.189835 0.181389
vt 0.190457 0.181416
vt 0.178603 0.203841
vt 0.178582 0.214404
vt 0.237295 0.181019
vt 0.190454 0.181003
vt 0.237956 0.214727
vt 0.237753 0.169981
vt 0.190012 0.169984
vt 0.189771 0.214701
vt 0.237873 0.203560
vt 0.189864 0.203537
vt 0.237798 0.192401
vt 0.249008 0.203625
vt 0.178734 0.203600
vt 0.189948 0.192381
vt 0.237804 0.180974
vt 0.249022 0.214684
vt 0.178713 0.214645
vt 0.189945 0.180958
vt 0.237305 0.219434
vt 0.237838 0.219434
vt 0.237837 0.228920
vt 0.237298 0.228919
vt 0.238752 0.263512
vt 0.238756 0.263193
vt 0.248284 0.263183
vt 0.248289 0.263500
vt 0.237272 0.263181
vt 0.237276 0.263597
vt 0.190450 0.263573
vt 0.190454 0.263158
vt 0.237305 0.218559
vt 0.190446 0.219420
vt 0.190446 0.218577
vt 0.237890 0.263189
vt 0.237872 0.252646
vt 0.238738 0.252631
vt 0.237273 0.252682
vt 0.188971 0.263167
vt 0.188975 0.263486
vt 0.179446 0.263463
vt 0.179451 0.263146
vt 0.189915 0.219419
vt 0.190450 0.228903
vt 0.189913 0.228904
vt 0.189837 0.263164
vt 0.189864 0.252623
vt 0.190464 0.252659
vt 0.188999 0.252608
vt 0.238734 0.252308
vt 0.248273 0.252298
vt 0.248270 0.252615
vt 0.237831 0.251427
vt 0.237286 0.251427
vt 0.237292 0.241941
vt 0.237830 0.241940
vt 0.237279 0.252270
vt 0.190458 0.252248
vt 0.190452 0.251406
vt 0.189907 0.251404
vt 0.189915 0.241921
vt 0.190453 0.241922
vt 0.189003 0.252286
vt 0.179472 0.252589
vt 0.179469 0.252273
vt 0.249140 0.252610
vt 0.249153 0.263185
vt 0.237908 0.240713
vt 0.237286 0.240685
vt 0.237292 0.230176
vt 0.237914 0.230149
vt 0.237289 0.241099
vt 0.190456 0.241079
vt 0.190459 0.240666
vt 0.189837 0.240693
vt 0.189835 0.230132
vt 0.190457 0.230159
vt 0.178603 0.252584
vt 0.178582 0.263147
vt 0.237295 0.229762
vt 0.190454 0.229746
vt 0.237956 0.263470
vt 0.237752 0.218724
vt 0.190012 0.218727
vt 0.189771 0.263444
vt 0.237873 0.252303
vt 0.189864 0.252280
vt 0.237798 0.241143
vt 0.249007 0.252368
vt 0.178734 0.252343
vt 0.189948 0.241124
vt 0.237804 0.229717
vt 0.249022 0.263427
vt 0.178713 0.263388
vt 0.189945 0.229701
vt 0.237305 0.219434
vt 0.237838 0.219434
vt 0.237837 0.228920
vt 0.237298 0.228919
vt 0.238752 0.263512
vt 0.238756 0.263193
vt 0.248284 0.263183
vt 0.248289 0.263500
vt 0.237272 0.263181
vt 0.237276 0.263597
vt 0.190450 0.263573
vt 0.190454 0.263158
vt 0.237305 0.218559
vt 0.190446 0.219420
vt 0.190446 0.218577
vt 0.237890 0.263189
vt 0.237872 0.252646
vt 0.238738 0.252631
vt 0.237273 0.252682
vt 0.188971 0.263167
vt 0.188975 0.263486
vt 0.179446 0.263463
vt 0.179451 0.263146
vt 0.189915 0.219419
vt 0.190450 0.228903
vt 0.189913 0.228904
vt 0.189837 0.263164
vt 0.189864 0.252623
vt 0.190464 0.252659
vt 0.188999 0.252608
vt 0.238734 0.252308
vt 0.248273 0.252298
vt 0.248270 0.252615
vt 0.237831 0.251427
vt 0.237286 0.251427
vt 0.237292 0.241941
vt 0.237830 0.241940
vt 0.237279 0.252270
vt 0.190458 0.252248
vt 0.190452 0.251406
vt 0.189907 0.251404
vt 0.189915 0.241921
vt 0.190453 0.241922
vt 0.189003 0.252286
vt 0.179472 0.252589
vt 0.179469 0.252273
vt 0.249140 0.252610
vt 0.249153 0.263185
vt 0.237908 0.240713
vt 0.237286 0.240685
vt 0.237292 0.230176
vt 0.237914 0.230149
vt 0.237289 0.241099
vt 0.190456 0.241079
vt 0.190459 0.240666
vt 0.189837 0.240693
vt 0.189835 0.230132
vt 0.190457 0.230159
vt 0.178603 0.252584
vt 0.178582 0.263147
vt 0.237295 0.229762
vt 0.190454 0.229746
vt 0.237956 0.263470
vt 0.237752 0.218724
vt 0.190012 0.218727
vt 0.189771 0.263444
vt 0.237873 0.252303
vt 0.189864 0.252280
vt 0.237798 0.241143
vt 0.249007 0.252368
vt 0.178734 0.252343
vt 0.189948 0.241124
vt 0.237804 0.229717
vt 0.249022 0.263427
vt 0.178713 0.263388
vt 0.189945 0.229701
vt 0.237305 0.170691
vt 0.237837 0.170691
vt 0.237837 0.180177
vt 0.237299 0.180176
vt 0.238753 0.214769
vt 0.238756 0.214450
vt 0.248284 0.214440
vt 0.248289 0.214757
vt 0.237272 0.214438
vt 0.237276 0.214854
vt 0.190450 0.214830
vt 0.190454 0.214414
vt 0.237306 0.169816
vt 0.190446 0.170677
vt 0.190445 0.169833
vt 0.237890 0.214446
vt 0.237872 0.203903
vt 0.238738 0.203887
vt 0.237273 0.203938
vt 0.188971 0.214423
vt 0.188974 0.214742
vt 0.179446 0.214719
vt 0.179451 0.214403
vt 0.189915 0.170676
vt 0.190450 0.180160
vt 0.189912 0.180161
vt 0.189837 0.214421
vt 0.189865 0.203881
vt 0.190464 0.203916
vt 0.188999 0.203865
vt 0.238734 0.203565
vt 0.248273 0.203555
vt 0.248270 0.203872
vt 0.237831 0.202684
vt 0.237286 0.202684
vt 0.237292 0.193198
vt 0.237830 0.193198
vt 0.237279 0.203527
vt 0.190458 0.203505
vt 0.190452 0.202662
vt 0.189907 0.202661
vt 0.189915 0.193178
vt 0.190453 0.193179
vt 0.189003 0.203542
vt 0.179472 0.203846
vt 0.179469 0.203529
vt 0.249140 0.203867
vt 0.249154 0.214442
vt 0.237908 0.191970
vt 0.237286 0.191942
vt 0.237292 0.181432
vt 0.237914 0.181405
vt 0.237289 0.192355
vt 0.190456 0.192336
vt 0.190459 0.191923
vt 0.189837 0.191951
vt 0.189835 0.181389
vt 0.190457 0.181416
vt 0.178603 0.203841
vt 0.178582 0.214404
vt 0.237295 0.181019
vt 0.190454 0.181003
vt 0.237956 0.214727
vt 0.237753 0.169981
vt 0.190012 0.169984
vt 0.189771 0.214701
vt 0.237873 0.203560
vt 0.189864 0.203537
vt 0.237798 0.192401
vt 0.249008 0.203625
vt 0.178734 0.203600
vt 0.189948 0.192381
vt 0.237804 0.180974
vt 0.249022 0.214684
vt 0.178713 0.214645
vt 0.189945 0.180958
vn 0.999955 -0.002330 0.009198
vn 0.983937 -0.178411 0.006156
vn 0.983937 -0.178411 -0.006156
vn 0.999955 -0.002330 -0.009198
vn 0.681853 -0.731398 0.011559
vn 0.019530 -0.999593 0.020783
vn 0.019530 -0.999593 -0.020782
vn 0.681856 -0.731395 -0.011560
vn 0.032102 -0.008597 0.999448
vn 0.833443 -0.003984 0.552591
vn 0.833443 0.003984 0.552591
vn 0.032102 0.008597 0.999448
vn 0.993611 -0.001355 0.112851
vn 0.999955 -0.002330 0.009198
vn 0.999955 0.002330 0.009198
vn 0.993611 0.001355 0.112851
vn 0.019530 -0.999593 0.020783
vn 0.009675 -0.968355 0.249391
vn -0.009675 -0.968355 0.249391
vn -0.019530 -0.999593 0.020782
vn 0.019760 -0.553284 0.832758
vn 0.032102 -0.008597 0.999448
vn -0.032102 -0.008597 0.999448
vn -0.019759 -0.553284 0.832758
vn 0.187113 0.961948 0.199109
vn 0.681816 0.731432 0.011560
vn 0.681819 0.731430 -0.011559
vn 0.187092 0.961957 -0.199084
vn 0.983937 0.178411 0.006156
vn 0.999955 0.002330 0.009198
vn 0.999955 0.002330 -0.009198
vn 0.983936 0.178414 -0.006156
vn 0.032102 0.008597 0.999448
vn 0.019758 0.553284 0.832759
vn -0.019758 0.553284 0.832759
vn -0.032102 0.008597 0.999448
vn 0.009676 0.968362 0.249363
vn 0.187113 0.961948 0.199109
vn -0.187103 0.961953 0.199098
vn -0.009676 0.968362 0.249362
vn -0.019530 -0.999593 0.020782
vn -0.681750 -0.731494 0.011559
vn -0.681753 -0.731492 -0.011560
vn -0.019530 -0.999593 -0.020782
vn -0.983947 -0.178354 0.006158
vn -0.999955 -0.002329 0.009198
vn -0.999955 -0.002329 -0.009198
vn -0.983947 -0.178352 -0.006158
vn -0.999955 -0.002329 0.009198
vn -0.993611 -0.001355 0.112852
vn -0.993611 0.001355 0.112852
vn -0.999955 0.002329 0.009198
vn -0.833405 -0.003984 0.552648
vn -0.032102 -0.008597 0.999448
vn -0.032102 0.008597 0.999448
vn -0.833405 0.003984 0.552648
vn -0.999955 0.002329 0.009198
vn -0.983947 0.178354 0.006158
vn -0.983947 0.178354 -0.006158
vn -0.999955 0.002329 -0.009198
vn -0.681713 0.731528 0.011559
vn -0.187103 0.961953 0.199098
vn -0.187082 0.961962 -0.199074
vn -0.681714 0.731527 -0.011559
vn -0.019530 -0.999593 -0.020782
vn -0.009672 -0.968365 -0.249352
vn 0.009672 -0.968364 -0.249353
vn 0.019530 -0.999593 -0.020782
vn -0.019758 -0.552981 -0.832959
vn -0.032079 -0.008590 -0.999448
vn 0.032079 -0.008590 -0.999448
vn 0.019758 -0.552981 -0.832960
vn -0.032079 -0.008590 -0.999448
vn -0.833219 -0.003985 -0.552929
vn -0.833219 0.003985 -0.552929
vn -0.032079 0.008590 -0.999448
vn -0.993613 -0.001355 -0.112835
vn -0.999955 -0.002329 -0.009198
vn -0.999955 0.002329 -0.009198
vn -0.993613 0.001355 -0.112835
vn -0.032079 0.008590 -0.999448
vn -0.019759 0.552981 -0.832960
vn 0.019760 0.552980 -0.832960
vn 0.032079 0.008590 -0.999448
vn -0.009673 0.968372 -0.249324
vn -0.187082 0.961962 -0.199074
vn 0.187092 0.961957 -0.199084
vn 0.009672 0.968372 -0.249324
vn 0.999955 -0.002330 -0.009198
vn 0.993613 -0.001355 -0.112835
vn 0.993613 0.001355 -0.112835
vn 0.999955 0.002330 -0.009198
vn 0.833257 -0.003985 -0.552872
vn 0.032079 -0.008590 -0.999448
vn 0.032079 0.008590 -0.999448
vn 0.833257 0.003985 -0.552872
vn 0.032102 -0.008597 0.999448
vn 0.032102 0.008597 0.999448
vn -0.032102 0.008597 0.999448
vn -0.032102 -0.008597 0.999448
vn -0.999955 -0.002329 0.009198
vn -0.999955 0.002329 0.009198
vn -0.999955 0.002329 -0.009198
vn -0.999955 -0.002329 -0.009198
vn -0.032079 -0.008590 -0.999448
vn -0.032079 0.008590 -0.999448
vn 0.032079 0.008590 -0.999448
vn 0.032079 -0.008590 -0.999448
vn 0.999955 -0.002330 -0.009198
vn 0.999955 0.002330 -0.009198
vn 0.999955 0.002330 0.009198
vn 0.999955 -0.002330 0.009198
vn 0.019530 -0.999593 -0.020782
vn 0.019530 -0.999593 0.020783
vn -0.019530 -0.999593 0.020782
vn -0.019530 -0.999593 -0.020782
vn 0.009675 -0.968355 0.249391
vn 0.019530 -0.999593 0.020783
vn 0.681853 -0.731398 0.011559
vn 0.629487 -0.757556 0.172785
vn 0.983937 -0.178411 0.006156
vn 0.999955 -0.002330 0.009198
vn 0.993611 -0.001355 0.112851
vn 0.982383 -0.158653 0.098760
vn 0.833443 -0.003984 0.552591
vn 0.032102 -0.008597 0.999448
vn 0.019760 -0.553284 0.832758
vn 0.754831 -0.332696 0.565282
vn 0.993611 0.001355 0.112851
vn 0.999955 0.002330 0.009198
vn 0.983937 0.178411 0.006156
vn 0.982383 0.158653 0.098759
vn 0.681816 0.731432 0.011560
vn 0.187113 0.961948 0.199109
vn 0.009676 0.968362 0.249363
vn 0.629540 0.757515 0.172774
vn 0.019758 0.553284 0.832759
vn 0.032102 0.008597 0.999448
vn 0.833443 0.003984 0.552591
vn 0.754807 0.332710 0.565306
vn -0.993611 -0.001355 0.112852
vn -0.999955 -0.002329 0.009198
vn -0.983947 -0.178354 0.006158
vn -0.982380 -0.158653 0.098785
vn -0.681750 -0.731494 0.011559
vn -0.019530 -0.999593 0.020782
vn -0.009675 -0.968355 0.249391
vn -0.629416 -0.757613 0.172792
vn -0.019759 -0.553284 0.832758
vn -0.032102 -0.008597 0.999448
vn -0.833405 -0.003984 0.552648
vn -0.754806 -0.332713 0.565306
vn -0.009676 0.968362 0.249362
vn -0.187103 0.961953 0.199098
vn -0.681713 0.731528 0.011559
vn -0.629458 0.757582 0.172778
vn -0.983947 0.178354 0.006158
vn -0.999955 0.002329 0.009198
vn -0.993611 0.001355 0.112852
vn -0.982380 0.158653 0.098783
vn -0.833405 0.003984 0.552648
vn -0.032102 0.008597 0.999448
vn -0.019758 0.553284 0.832759
vn -0.754806 0.332713 0.565305
vn -0.833219 -0.003985 -0.552929
vn -0.032079 -0.008590 -0.999448
vn -0.019758 -0.552981 -0.832959
vn -0.754729 -0.332695 -0.565419
vn -0.009672 -0.968365 -0.249352
vn -0.019530 -0.999593 -0.020782
vn -0.681753 -0.731492 -0.011560
vn -0.629468 -0.757576 -0.172767
vn -0.983947 -0.178352 -0.006158
vn -0.999955 -0.002329 -0.009198
vn -0.993613 -0.001355 -0.112835
vn -0.982384 -0.158636 -0.098774
vn -0.681714 0.731527 -0.011559
vn -0.187082 0.961962 -0.199074
vn -0.009673 0.968372 -0.249324
vn -0.629487 0.757565 -0.172748
vn -0.019759 0.552981 -0.832960
vn -0.032079 0.008590 -0.999448
vn -0.833219 0.003985 -0.552929
vn -0.754754 0.332680 -0.565394
vn -0.993613 0.001355 -0.112835
vn -0.999955 0.002329 -0.009198
vn -0.983947 0.178354 -0.006158
vn -0.982378 0.158666 -0.098783
vn 0.993613 -0.001355 -0.112835
vn 0.999955 -0.002330 -0.009198
vn 0.983937 -0.178411 -0.006156
vn 0.982382 -0.158663 -0.098749
vn 0.681856 -0.731395 -0.011560
vn 0.019530 -0.999593 -0.020782
vn 0.009672 -0.968364 -0.249353
vn 0.629550 -0.757509 -0.172763
vn 0.019758 -0.552981 -0.832960
vn 0.032079 -0.008590 -0.999448
vn 0.833257 -0.003985 -0.552872
vn 0.754737 -0.332666 -0.565425
vn 0.009672 0.968372 -0.249324
vn 0.187092 0.961957 -0.199084
vn 0.681819 0.731430 -0.011559
vn 0.629580 0.757488 -0.172746
vn 0.983936 0.178414 -0.006156
vn 0.999955 0.002330 -0.009198
vn 0.993613 0.001355 -0.112835
vn 0.982375 0.158702 -0.098756
vn 0.833257 0.003985 -0.552872
vn 0.032079 0.008590 -0.999448
vn 0.019760 0.552980 -0.832960
vn 0.754762 0.332652 -0.565400
vn 0.999431 -0.033511 -0.003895
vn 0.924639 -0.021210 -0.380254
vn 0.924639 0.021211 -0.380255
vn 0.999431 0.033510 -0.003895
vn 0.380252 -0.021205 -0.924640
vn 0.008617 -0.033392 -0.999405
vn 0.008617 0.033391 -0.999405
vn 0.380256 0.021204 -0.924638
vn 0.008844 -0.999953 -0.003982
vn 0.382691 -0.923873 -0.002482
vn 0.382691 -0.923873 0.002482
vn 0.008844 -0.999953 0.003982
vn 0.923971 -0.382455 -0.002482
vn 0.999431 -0.033511 -0.003895
vn 0.999431 -0.033511 0.003895
vn 0.923970 -0.382456 0.002482
vn 0.008617 -0.033392 -0.999405
vn 0.005503 -0.382214 -0.924058
vn -0.005504 -0.382213 -0.924058
vn -0.008617 -0.033392 -0.999405
vn 0.005507 -0.923985 -0.382388
vn 0.008844 -0.999953 -0.003982
vn -0.008844 -0.999953 -0.003982
vn -0.005507 -0.923985 -0.382388
vn 0.008617 -0.033392 0.999405
vn 0.380254 -0.021205 0.924639
vn 0.380265 0.021205 0.924635
vn 0.008617 0.033391 0.999405
vn 0.924638 -0.021211 0.380257
vn 0.999431 -0.033511 0.003895
vn 0.999431 0.033510 0.003895
vn 0.924637 0.021210 0.380258
vn 0.008844 -0.999953 0.003982
vn 0.005507 -0.923985 0.382388
vn -0.005507 -0.923985 0.382388
vn -0.008844 -0.999953 0.003982
vn 0.005504 -0.382214 0.924058
vn 0.008617 -0.033392 0.999405
vn -0.008617 -0.033392 0.999405
vn -0.005505 -0.382213 0.924058
vn -0.008617 -0.033392 -0.999405
vn -0.380252 -0.021207 -0.924640
vn -0.380252 0.021207 -0.924640
vn -0.008617 0.033391 -0.999405
vn -0.924640 -0.021208 -0.380251
vn -0.999431 -0.033511 -0.003895
vn -0.999431 0.033510 -0.003895
vn -0.924641 0.021206 -0.380250
vn -0.999431 -0.033511 -0.003895
vn -0.923971 -0.382455 -0.002482
vn -0.923971 -0.382455 0.002481
vn -0.999431 -0.033511 0.003895
vn -0.382691 -0.923873 -0.002482
vn -0.008844 -0.999953 -0.003982
vn -0.008844 -0.999953 0.003982
vn -0.382691 -0.923873 0.002482
vn -0.999431 -0.033511 0.003895
vn -0.924639 -0.021206 0.380253
vn -0.924639 0.021208 0.380254
vn -0.999431 0.033510 0.003895
vn -0.380257 -0.021208 0.924638
vn -0.008617 -0.033392 0.999405
vn -0.008617 0.033391 0.999405
vn -0.380263 0.021207 0.924635
vn -0.008617 0.033391 -0.999405
vn -0.005503 0.382075 -0.924115
vn 0.005503 0.382076 -0.924115
vn 0.008617 0.033391 -0.999405
vn -0.005507 0.924122 -0.382057
vn -0.008835 0.999953 -0.003978
vn 0.008835 0.999953 -0.003978
vn 0.005507 0.924122 -0.382058
vn -0.008835 0.999953 -0.003978
vn -0.382359 0.924011 -0.002482
vn -0.382358 0.924011 0.002482
vn -0.008835 0.999953 0.003978
vn -0.924028 0.382317 -0.002481
vn -0.999431 0.033510 -0.003895
vn -0.999431 0.033510 0.003895
vn -0.924028 0.382318 0.002481
vn -0.008835 0.999953 0.003978
vn -0.005505 0.924122 0.382057
vn 0.005505 0.924122 0.382057
vn 0.008835 0.999953 0.003978
vn -0.005506 0.382075 0.924115
vn -0.008617 0.033391 0.999405
vn 0.008617 0.033391 0.999405
vn 0.005506 0.382076 0.924115
vn 0.999431 0.033510 -0.003895
vn 0.924028 0.382318 -0.002482
vn 0.924028 0.382318 0.002482
vn 0.999431 0.033510 0.003895
vn 0.382359 0.924011 -0.002482
vn 0.008835 0.999953 -0.003978
vn 0.008835 0.999953 0.003978
vn 0.382358 0.924011 0.002482
vn 0.008844 -0.999953 -0.003982
vn 0.008844 -0.999953 0.003982
vn -0.008844 -0.999953 0.003982
vn -0.008844 -0.999953 -0.003982
vn -0.999431 -0.033511 -0.003895
vn -0.999431 -0.033511 0.003895
vn -0.999431 0.033510 0.003895
vn -0.999431 0.033510 -0.003895
vn -0.008835 0.999953 -0.003978
vn -0.008835 0.999953 0.003978
vn 0.008835 0.999953 0.003978
vn 0.008835 0.999953 -0.003978
vn 0.999431 0.033510 -0.003895
vn 0.999431 0.033510 0.003895
vn 0.999431 -0.033511 0.003895
vn 0.999431 -0.033511 -0.003895
vn 0.008617 -0.033392 0.999405
vn 0.008617 0.033391 0.999405
vn -0.008617 0.033391 0.999405
vn -0.008617 -0.033392 0.999405
vn 0.008617 0.033391 -0.999405
vn 0.008617 -0.033392 -0.999405
vn -0.008617 -0.033392 -0.999405
vn -0.008617 0.033391 -0.999405
vn 0.005503 -0.382214 -0.924058
vn 0.008617 -0.033392 -0.999405
vn 0.380252 -0.021205 -0.924640
vn 0.325152 -0.325300 -0.887951
vn 0.924639 -0.021210 -0.380254
vn 0.999431 -0.033511 -0.003895
vn 0.923971 -0.382455 -0.002482
vn 0.887922 -0.325269 -0.325262
vn 0.382691 -0.923873 -0.002482
vn 0.008844 -0.999953 -0.003982
vn 0.005507 -0.923985 -0.382388
vn 0.325362 -0.887831 -0.325417
vn 0.923970 -0.382456 0.002482
vn 0.999431 -0.033511 0.003895
vn 0.924638 -0.021211 0.380257
vn 0.887893 -0.325306 0.325302
vn 0.380254 -0.021205 0.924639
vn 0.008617 -0.033392 0.999405
vn 0.005504 -0.382214 0.924058
vn 0.325190 -0.325298 0.887937
vn 0.005507 -0.923985 0.382388
vn 0.008844 -0.999953 0.003982
vn 0.382691 -0.923873 0.002482
vn 0.325362 -0.887831 0.325416
vn -0.923971 -0.382455 -0.002482
vn -0.999431 -0.033511 -0.003895
vn -0.924640 -0.021208 -0.380251
vn -0.887940 -0.325255 -0.325225
vn -0.380252 -0.021207 -0.924640
vn -0.008617 -0.033392 -0.999405
vn -0.005504 -0.382213 -0.924058
vn -0.325166 -0.325284 -0.887951
vn -0.005507 -0.923985 -0.382388
vn -0.008844 -0.999953 -0.003982
vn -0.382691 -0.923873 -0.002482
vn -0.325342 -0.887846 -0.325396
vn -0.005505 -0.382213 0.924058
vn -0.008617 -0.033392 0.999405
vn -0.380257 -0.021208 0.924638
vn -0.325237 -0.325276 0.887928
vn -0.924639 -0.021206 0.380253
vn -0.999431 -0.033511 0.003895
vn -0.923971 -0.382455 0.002481
vn -0.887927 -0.325269 0.325248
vn -0.382691 -0.923873 0.002482
vn -0.008844 -0.999953 0.003982
vn -0.005507 -0.923985 0.382388
vn -0.325339 -0.887847 0.325395
vn -0.382359 0.924011 -0.002482
vn -0.008835 0.999953 -0.003978
vn -0.005507 0.924122 -0.382057
vn -0.325317 0.887892 -0.325294
vn -0.005503 0.382075 -0.924115
vn -0.008617 0.033391 -0.999405
vn -0.380252 0.021207 -0.924640
vn -0.325184 0.325184 -0.887981
vn -0.924641 0.021206 -0.380250
vn -0.999431 0.033510 -0.003895
vn -0.924028 0.382317 -0.002481
vn -0.887988 0.325119 -0.325231
vn -0.380263 0.021207 0.924635
vn -0.008617 0.033391 0.999405
vn -0.005506 0.382075 0.924115
vn -0.325360 0.325163 0.887924
vn -0.005505 0.924122 0.382057
vn -0.008835 0.999953 0.003978
vn -0.382358 0.924011 0.002482
vn -0.325214 0.887924 0.325312
vn -0.924028 0.382318 0.002481
vn -0.999431 0.033510 0.003895
vn -0.924639 0.021208 0.380254
vn -0.887943 0.325185 0.325287
vn 0.924028 0.382318 -0.002482
vn 0.999431 0.033510 -0.003895
vn 0.924639 0.021211 -0.380255
vn 0.887944 0.325167 -0.325302
vn 0.380256 0.021204 -0.924638
vn 0.008617 0.033391 -0.999405
vn 0.005503 0.382076 -0.924115
vn 0.325241 0.325192 -0.887957
vn 0.005507 0.924122 -0.382058
vn 0.008835 0.999953 -0.003978
vn 0.382359 0.924011 -0.002482
vn 0.325339 0.887875 -0.325319
vn 0.005506 0.382076 0.924115
vn 0.008617 0.033391 0.999405
vn 0.380265 0.021205 0.924635
vn 0.325383 0.325177 0.887911
vn 0.924637 0.021210 0.380258
vn 0.999431 0.033510 0.003895
vn 0.924028 0.382318 0.002482
vn 0.887917 0.325210 0.325335
vn 0.382358 0.924011 0.002482
vn 0.008835 0.999953 0.003978
vn 0.005505 0.924122 0.382057
vn 0.325234 0.887910 0.325330
vn 0.999431 -0.033511 -0.003895
vn 0.924640 -0.021206 -0.380252
vn 0.924639 0.021208 -0.380253
vn 0.999431 0.033510 -0.003895
vn 0.380240 -0.021208 -0.924645
vn 0.008617 -0.033392 -0.999405
vn 0.008617 0.033391 -0.999405
vn 0.380244 0.021208 -0.924643
vn 0.008844 -0.999953 -0.003982
vn 0.382676 -0.923879 -0.002482
vn 0.382676 -0.923879 0.002482
vn 0.008844 -0.999953 0.003982
vn 0.923971 -0.382455 -0.002482
vn 0.999431 -0.033511 -0.003895
vn 0.999431 -0.033511 0.003895
vn 0.923970 -0.382456 0.002482
vn 0.008617 -0.033392 -0.999405
vn 0.005503 -0.382214 -0.924058
vn -0.005504 -0.382213 -0.924058
vn -0.008617 -0.033392 -0.999405
vn 0.005507 -0.923985 -0.382389
vn 0.008844 -0.999953 -0.003982
vn -0.008844 -0.999953 -0.003982
vn -0.005507 -0.923985 -0.382389
vn 0.008617 -0.033392 0.999405
vn 0.380242 -0.021209 0.924644
vn 0.380253 0.021208 0.924639
vn 0.008617 0.033391 0.999405
vn 0.924639 -0.021208 0.380255
vn 0.999431 -0.033511 0.003895
vn 0.999431 0.033510 0.003895
vn 0.924638 0.021207 0.380256
vn 0.008844 -0.999953 0.003982
vn 0.005507 -0.923985 0.382389
vn -0.005507 -0.923985 0.382389
vn -0.008844 -0.999953 0.003982
vn 0.005504 -0.382214 0.924058
vn 0.008617 -0.033392 0.999405
vn -0.008617 -0.033392 0.999405
vn -0.005505 -0.382213 0.924058
vn -0.008617 -0.033392 -0.999405
vn -0.380253 -0.021206 -0.924639
vn -0.380253 0.021206 -0.924639
vn -0.008617 0.033391 -0.999405
vn -0.924639 -0.021211 -0.380253
vn -0.999431 -0.033511 -0.003895
vn -0.999431 0.033510 -0.003895
vn -0.924640 0.021209 -0.380252
vn -0.999431 -0.033511 -0.003895
vn -0.923970 -0.382456 -0.002482
vn -0.923970 -0.382456 0.002482
vn -0.999431 -0.033511 0.003895
vn -0.382691 -0.923873 -0.002482
vn -0.008844 -0.999953 -0.003982
vn -0.008844 -0.999953 0.003982
vn -0.382691 -0.923873 0.002482
vn -0.999431 -0.033511 0.003895
vn -0.924638 -0.021209 0.380255
vn -0.924638 0.021211 0.380256
vn -0.999431 0.033510 0.003895
vn -0.380258 -0.021207 0.924637
vn -0.008617 -0.033392 0.999405
vn -0.008617 0.033391 0.999405
vn -0.380264 0.021206 0.924635
vn -0.008617 0.033391 -0.999405
vn -0.005503 0.382077 -0.924114
vn 0.005503 0.382078 -0.924114
vn 0.008617 0.033391 -0.999405
vn -0.005507 0.924120 -0.382063
vn -0.008835 0.999953 -0.003979
vn 0.008835 0.999953 -0.003979
vn 0.005507 0.924120 -0.382063
vn -0.008835 0.999953 -0.003979
vn -0.382359 0.924011 -0.002482
vn -0.382358 0.924011 0.002482
vn -0.008835 0.999953 0.003979
vn -0.924028 0.382318 -0.002481
vn -0.999431 0.033510 -0.003895
vn -0.999431 0.033510 0.003895
vn -0.924028 0.382318 0.002481
vn -0.008835 0.999953 0.003979
vn -0.005505 0.924120 0.382063
vn 0.005505 0.924120 0.382063
vn 0.008835 0.999953 0.003979
vn -0.005506 0.382077 0.924114
vn -0.008617 0.033391 0.999405
vn 0.008617 0.033391 0.999405
vn 0.005506 0.382078 0.924114
vn 0.999431 0.033510 -0.003895
vn 0.924028 0.382317 -0.002481
vn 0.924028 0.382318 0.002481
vn 0.999431 0.033510 0.003895
vn 0.382344 0.924017 -0.002482
vn 0.008835 0.999953 -0.003979
vn 0.008835 0.999953 0.003979
vn 0.382343 0.924017 0.002482
vn 0.008844 -0.999953 -0.003982
vn 0.008844 -0.999953 0.003982
vn -0.008844 -0.999953 0.003982
vn -0.008844 -0.999953 -0.003982
vn -0.999431 -0.033511 -0.003895
vn -0.999431 -0.033511 0.003895
vn -0.999431 0.033510 0.003895
vn -0.999431 0.033510 -0.003895
vn -0.008835 0.999953 -0.003979
vn -0.008835 0.999953 0.003979
vn 0.008835 0.999953 0.003979
vn 0.008835 0.999953 -0.003979
vn 0.999431 0.033510 -0.003895
vn 0.999431 0.033510 0.003895
vn 0.999431 -0.033511 0.003895
vn 0.999431 -0.033511 -0.003895
vn 0.008617 -0.033392 0.999405
vn 0.008617 0.033391 0.999405
vn -0.008617 0.033391 0.999405
vn -0.008617 -0.033392 0.999405
vn 0.008617 0.033391 -0.999405
vn 0.008617 -0.033392 -0.999405
vn -0.008617 -0.033392 -0.999405
vn -0.008617 0.033391 -0.999405
vn 0.005503 -0.382214 -0.924058
vn 0.008617 -0.033392 -0.999405
vn 0.380240 -0.021208 -0.924645
vn 0.325127 -0.325324 -0.887951
vn 0.924640 -0.021206 -0.380252
vn 0.999431 -0.033511 -0.003895
vn 0.923971 -0.382455 -0.002482
vn 0.887947 -0.325229 -0.325234
vn 0.382676 -0.923879 -0.002482
vn 0.008844 -0.999953 -0.003982
vn 0.005507 -0.923985 -0.382389
vn 0.325326 -0.887852 -0.325396
vn 0.923970 -0.382456 0.002482
vn 0.999431 -0.033511 0.003895
vn 0.924639 -0.021208 0.380255
vn 0.887915 -0.325275 0.325274
vn 0.380242 -0.021209 0.924644
vn 0.008617 -0.033392 0.999405
vn 0.005504 -0.382214 0.924058
vn 0.325164 -0.325322 0.887938
vn 0.005507 -0.923985 0.382389
vn 0.008844 -0.999953 0.003982
vn 0.382676 -0.923879 0.002482
vn 0.325327 -0.887852 0.325395
vn -0.923970 -0.382456 -0.002482
vn -0.999431 -0.033511 -0.003895
vn -0.924639 -0.021211 -0.380253
vn -0.887919 -0.325287 -0.325252
vn -0.380253 -0.021206 -0.924639
vn -0.008617 -0.033392 -0.999405
vn -0.005504 -0.382213 -0.924058
vn -0.325176 -0.325294 -0.887944
vn -0.005507 -0.923985 -0.382389
vn -0.008844 -0.999953 -0.003982
vn -0.382691 -0.923873 -0.002482
vn -0.325337 -0.887850 -0.325391
vn -0.005505 -0.382213 0.924058
vn -0.008617 -0.033392 0.999405
vn -0.380258 -0.021207 0.924637
vn -0.325247 -0.325286 0.887921
vn -0.924638 -0.021209 0.380255
vn -0.999431 -0.033511 0.003895
vn -0.923970 -0.382456 0.002482
vn -0.887905 -0.325301 0.325276
vn -0.382691 -0.923873 0.002482
vn -0.008844 -0.999953 0.003982
vn -0.005507 -0.923985 0.382389
vn -0.325339 -0.887847 0.325395
vn -0.382359 0.924011 -0.002482
vn -0.008835 0.999953 -0.003979
vn -0.005507 0.924120 -0.382063
vn -0.325316 0.887891 -0.325299
vn -0.005503 0.382077 -0.924114
vn -0.008617 0.033391 -0.999405
vn -0.380253 0.021206 -0.924639
vn -0.325195 0.325195 -0.887973
vn -0.924640 0.021209 -0.380252
vn -0.999431 0.033510 -0.003895
vn -0.924028 0.382318 -0.002481
vn -0.887966 0.325150 -0.325260
vn -0.380264 0.021206 0.924635
vn -0.008617 0.033391 0.999405
vn -0.005506 0.382077 0.924114
vn -0.325372 0.325175 0.887916
vn -0.005505 0.924120 0.382063
vn -0.008835 0.999953 0.003979
vn -0.382358 0.924011 0.002482
vn -0.325208 0.887928 0.325306
vn -0.924028 0.382318 0.002481
vn -0.999431 0.033510 0.003895
vn -0.924638 0.021211 0.380256
vn -0.887922 0.325216 0.325315
vn 0.924028 0.382317 -0.002481
vn 0.999431 0.033510 -0.003895
vn 0.924639 0.021208 -0.380253
vn 0.887966 0.325135 -0.325274
vn 0.380244 0.021208 -0.924643
vn 0.008617 0.033391 -0.999405
vn 0.005503 0.382078 -0.924114
vn 0.325216 0.325216 -0.887958
vn 0.005507 0.924120 -0.382063
vn 0.008835 0.999953 -0.003979
vn 0.382344 0.924017 -0.002482
vn 0.325304 0.887897 -0.325294
vn 0.005506 0.382078 0.924114
vn 0.008617 0.033391 0.999405
vn 0.380253 0.021208 0.924639
vn 0.325355 0.325198 0.887913
vn 0.924638 0.021207 0.380256
vn 0.999431 0.033510 0.003895
vn 0.924028 0.382318 0.002481
vn 0.887941 0.325169 0.325308
vn 0.382343 0.924017 0.002482
vn 0.008835 0.999953 0.003979
vn 0.005505 0.924120 0.382063
vn 0.325198 0.887930 0.325309
vn 0.999431 -0.033511 -0.003895
vn 0.924640 -0.021205 -0.380252
vn 0.924639 0.021207 -0.380253
vn 0.999431 0.033510 -0.003895
vn 0.380251 -0.021207 -0.924640
vn 0.008617 -0.033392 -0.999405
vn 0.008617 0.033391 -0.999405
vn 0.380255 0.021207 -0.924639
vn 0.008844 -0.999953 -0.003982
vn 0.382691 -0.923873 -0.002482
vn 0.382691 -0.923873 0.002482
vn 0.008844 -0.999953 0.003982
vn 0.923971 -0.382455 -0.002482
vn 0.999431 -0.033511 -0.003895
vn 0.999431 -0.033511 0.003895
vn 0.923971 -0.382455 0.002482
vn 0.008617 -0.033392 -0.999405
vn 0.005503 -0.382214 -0.924058
vn -0.005504 -0.382213 -0.924058
vn -0.008617 -0.033392 -0.999405
vn 0.005507 -0.923985 -0.382388
vn 0.008844 -0.999953 -0.003982
vn -0.008844 -0.999953 -0.003982
vn -0.005507 -0.923985 -0.382388
vn 0.008617 -0.033392 0.999405
vn 0.380253 -0.021208 0.924639
vn 0.380264 0.021207 0.924635
vn 0.008617 0.033391 0.999405
vn 0.924639 -0.021207 0.380255
vn 0.999431 -0.033511 0.003895
vn 0.999431 0.033510 0.003895
vn 0.924638 0.021206 0.380256
vn 0.008844 -0.999953 0.003982
vn 0.005507 -0.923985 0.382388
vn -0.005507 -0.923985 0.382388
vn -0.008844 -0.999953 0.003982
vn 0.005504 -0.382214 0.924058
vn 0.008617 -0.033392 0.999405
vn -0.008617 -0.033392 0.999405
vn -0.005505 -0.382213 0.924058
vn -0.008617 -0.033392 -0.999405
vn -0.380253 -0.021206 -0.924639
vn -0.380253 0.021206 -0.924639
vn -0.008617 0.033391 -0.999405
vn -0.924639 -0.021209 -0.380253
vn -0.999431 -0.033511 -0.003895
vn -0.999431 0.033510 -0.003895
vn -0.924640 0.021207 -0.380252
vn -0.999431 -0.033511 -0.003895
vn -0.923971 -0.382455 -0.002482
vn -0.923970 -0.382456 0.002482
vn -0.999431 -0.033511 0.003895
vn -0.382691 -0.923873 -0.002482
vn -0.008844 -0.999953 -0.003982
vn -0.008844 -0.999953 0.003982
vn -0.382691 -0.923873 0.002482
vn -0.999431 -0.033511 0.003895
vn -0.924639 -0.021207 0.380255
vn -0.924638 0.021208 0.380256
vn -0.999431 0.033510 0.003895
vn -0.380258 -0.021207 0.924637
vn -0.008617 -0.033392 0.999405
vn -0.008617 0.033391 0.999405
vn -0.380264 0.021206 0.924635
vn -0.008617 0.033391 -0.999405
vn -0.005503 0.382076 -0.924115
vn 0.005503 0.382076 -0.924115
vn 0.008617 0.033391 -0.999405
vn -0.005507 0.924122 -0.382058
vn -0.008835 0.999953 -0.003978
vn 0.008835 0.999953 -0.003978
vn 0.005507 0.924122 -0.382058
vn -0.008835 0.999953 -0.003978
vn -0.382359 0.924011 -0.002482
vn -0.382358 0.924011 0.002482
vn -0.008835 0.999953 0.003978
vn -0.924028 0.382317 -0.002481
vn -0.999431 0.033510 -0.003895
vn -0.999431 0.033510 0.003895
vn -0.924028 0.382318 0.002481
vn -0.008835 0.999953 0.003978
vn -0.005505 0.924122 0.382058
vn 0.005505 0.924122 0.382058
vn 0.008835 0.999953 0.003978
vn -0.005506 0.382076 0.924115
vn -0.008617 0.033391 0.999405
vn 0.008617 0.033391 0.999405
vn 0.005506 0.382076 0.924115
vn 0.999431 0.033510 -0.003895
vn 0.924028 0.382317 -0.002481
vn 0.924028 0.382318 0.002481
vn 0.999431 0.033510 0.003895
vn 0.382359 0.924011 -0.002482
vn 0.008835 0.999953 -0.003978
vn 0.008835 0.999953 0.003978
vn 0.382358 0.924011 0.002482
vn 0.008844 -0.999953 -0.003982
vn 0.008844 -0.999953 0.003982
vn -0.008844 -0.999953 0.003982
vn -0.008844 -0.999953 -0.003982
vn -0.999431 -0.033511 -0.003895
vn -0.999431 -0.033511 0.003895
vn -0.999431 0.033510 0.003895
vn -0.999431 0.033510 -0.003895
vn -0.008835 0.999953 -0.003978
vn -0.008835 0.999953 0.003978
vn 0.008835 0.999953 0.003978
vn 0.008835 0.999953 -0.003978
vn 0.999431 0.033510 -0.003895
vn 0.999431 0.033510 0.003895
vn 0.999431 -0.033511 0.003895
vn 0.999431 -0.033511 -0.003895
vn 0.008617 -0.033392 0.999405
vn 0.008617 0.033391 0.999405
vn -0.008617 0.033391 0.999405
vn -0.008617 -0.033392 0.999405
vn 0.008617 0.033391 -0.999405
vn 0.008617 -0.033392 -0.999405
vn -0.008617 -0.033392 -0.999405
vn -0.008617 0.033391 -0.999405
vn 0.005503 -0.382214 -0.924058
vn 0.008617 -0.033392 -0.999405
vn 0.380251 -0.021207 -0.924640
vn 0.325140 -0.325307 -0.887952
vn 0.924640 -0.021205 -0.380252
vn 0.999431 -0.033511 -0.003895
vn 0.923971 -0.382455 -0.002482
vn 0.887949 -0.325220 -0.325235
vn 0.382691 -0.923873 -0.002482
vn 0.008844 -0.999953 -0.003982
vn 0.005507 -0.923985 -0.382388
vn 0.325334 -0.887851 -0.325389
vn 0.923971 -0.382455 0.002482
vn 0.999431 -0.033511 0.003895
vn 0.924639 -0.021207 0.380255
vn 0.887921 -0.325257 0.325276
vn 0.380253 -0.021208 0.924639
vn 0.008617 -0.033392 0.999405
vn 0.005504 -0.382214 0.924058
vn 0.325177 -0.325305 0.887939
vn 0.005507 -0.923985 0.382388
vn 0.008844 -0.999953 0.003982
vn 0.382691 -0.923873 0.002482
vn 0.325337 -0.887850 0.325391
vn -0.923971 -0.382455 -0.002482
vn -0.999431 -0.033511 -0.003895
vn -0.924639 -0.021209 -0.380253
vn -0.887930 -0.325252 -0.325257
vn -0.380253 -0.021206 -0.924639
vn -0.008617 -0.033392 -0.999405
vn -0.005504 -0.382213 -0.924058
vn -0.325176 -0.325294 -0.887944
vn -0.005507 -0.923985 -0.382388
vn -0.008844 -0.999953 -0.003982
vn -0.382691 -0.923873 -0.002482
vn -0.325340 -0.887847 -0.325394
vn -0.005505 -0.382213 0.924058
vn -0.008617 -0.033392 0.999405
vn -0.380258 -0.021207 0.924637
vn -0.325247 -0.325286 0.887921
vn -0.924639 -0.021207 0.380255
vn -0.999431 -0.033511 0.003895
vn -0.923970 -0.382456 0.002482
vn -0.887913 -0.325274 0.325279
vn -0.382691 -0.923873 0.002482
vn -0.008844 -0.999953 0.003982
vn -0.005507 -0.923985 0.382388
vn -0.325339 -0.887847 0.325395
vn -0.382359 0.924011 -0.002482
vn -0.008835 0.999953 -0.003978
vn -0.005507 0.924122 -0.382058
vn -0.325316 0.887891 -0.325299
vn -0.005503 0.382076 -0.924115
vn -0.008617 0.033391 -0.999405
vn -0.380253 0.021206 -0.924639
vn -0.325195 0.325195 -0.887973
vn -0.924640 0.021207 -0.380252
vn -0.999431 0.033510 -0.003895
vn -0.924028 0.382317 -0.002481
vn -0.887974 0.325124 -0.325263
vn -0.380264 0.021206 0.924635
vn -0.008617 0.033391 0.999405
vn -0.005506 0.382076 0.924115
vn -0.325372 0.325175 0.887916
vn -0.005505 0.924122 0.382058
vn -0.008835 0.999953 0.003978
vn -0.382358 0.924011 0.002482
vn -0.325211 0.887926 0.325309
vn -0.924028 0.382318 0.002481
vn -0.999431 0.033510 0.003895
vn -0.924638 0.021208 0.380256
vn -0.887933 0.325181 0.325320
vn 0.924028 0.382317 -0.002481
vn 0.999431 0.033510 -0.003895
vn 0.924639 0.021207 -0.380253
vn 0.887972 0.325118 -0.325276
vn 0.380255 0.021207 -0.924639
vn 0.008617 0.033391 -0.999405
vn 0.005503 0.382076 -0.924115
vn 0.325230 0.325201 -0.887958
vn 0.005507 0.924122 -0.382058
vn 0.008835 0.999953 -0.003978
vn 0.382359 0.924011 -0.002482
vn 0.325313 0.887894 -0.325294
vn 0.005506 0.382076 0.924115
vn 0.008617 0.033391 0.999405
vn 0.380264 0.021207 0.924635
vn 0.325370 0.325183 0.887914
vn 0.924638 0.021206 0.380256
vn 0.999431 0.033510 0.003895
vn 0.924028 0.382318 0.002481
vn 0.887944 0.325161 0.325309
vn 0.382358 0.924011 0.002482
vn 0.008835 0.999953 0.003978
vn 0.005505 0.924122 0.382058
vn 0.325205 0.887929 0.325306
vn 0.999431 -0.033511 -0.003895
vn 0.924640 -0.021207 -0.380252
vn 0.924639 0.021209 -0.380253
vn 0.999431 0.033510 -0.003895
vn 0.380240 -0.021207 -0.924645
vn 0.008617 -0.033392 -0.999405
vn 0.008617 0.033391 -0.999405
vn 0.380244 0.021206 -0.924643
vn 0.008844 -0.999953 -0.003982
vn 0.382680 -0.923878 -0.002482
vn 0.382680 -0.923878 0.002482
vn 0.008844 -0.999953 0.003982
vn 0.923971 -0.382455 -0.002482
vn 0.999431 -0.033511 -0.003895
vn 0.999431 -0.033511 0.003895
vn 0.923970 -0.382456 0.002482
vn 0.008617 -0.033392 -0.999405
vn 0.005503 -0.382213 -0.924058
vn -0.005504 -0.382213 -0.924058
vn -0.008617 -0.033392 -0.999405
vn 0.005507 -0.923985 -0.382389
vn 0.008844 -0.999953 -0.003982
vn -0.008844 -0.999953 -0.003982
vn -0.005507 -0.923985 -0.382388
vn 0.008617 -0.033392 0.999405
vn 0.380243 -0.021207 0.924644
vn 0.380253 0.021206 0.924639
vn 0.008617 0.033391 0.999405
vn 0.924638 -0.021209 0.380256
vn 0.999431 -0.033511 0.003895
vn 0.999431 0.033510 0.003895
vn 0.924638 0.021208 0.380256
vn 0.008844 -0.999953 0.003982
vn 0.005507 -0.923985 0.382389
vn -0.005507 -0.923985 0.382388
vn -0.008844 -0.999953 0.003982
vn 0.005504 -0.382213 0.924058
vn 0.008617 -0.033392 0.999405
vn -0.008617 -0.033392 0.999405
vn -0.005505 -0.382213 0.924058
vn -0.008617 -0.033392 -0.999405
vn -0.380253 -0.021207 -0.924639
vn -0.380253 0.021207 -0.924639
vn -0.008617 0.033391 -0.999405
vn -0.924634 -0.021208 -0.380266
vn -0.999431 -0.033513 -0.003895
vn -0.999431 0.033512 -0.003895
vn -0.924635 0.021206 -0.380265
vn -0.999431 -0.033513 -0.003895
vn -0.923963 -0.382473 -0.002482
vn -0.923963 -0.382473 0.002482
vn -0.999431 -0.033513 0.003895
vn -0.382691 -0.923873 -0.002482
vn -0.008844 -0.999953 -0.003982
vn -0.008844 -0.999953 0.003982
vn -0.382691 -0.923873 0.002482
vn -0.999431 -0.033513 0.003895
vn -0.924633 -0.021206 0.380268
vn -0.924633 0.021207 0.380269
vn -0.999431 0.033512 0.003895
vn -0.380258 -0.021207 0.924637
vn -0.008617 -0.033392 0.999405
vn -0.008617 0.033391 0.999405
vn -0.380264 0.021207 0.924635
vn -0.008617 0.033391 -0.999405
vn -0.005503 0.382076 -0.924115
vn 0.005503 0.382076 -0.924115
vn 0.008617 0.033391 -0.999405
vn -0.005507 0.924122 -0.382058
vn -0.008835 0.999953 -0.003978
vn 0.008835 0.999953 -0.003978
vn 0.005507 0.924122 -0.382058
vn -0.008835 0.999953 -0.003978
vn -0.382359 0.924011 -0.002482
vn -0.382358 0.924011 0.002482
vn -0.008835 0.999953 0.003978
vn -0.924021 0.382335 -0.002481
vn -0.999431 0.033512 -0.003895
vn -0.999431 0.033512 0.003895
vn -0.924020 0.382335 0.002482
vn -0.008835 0.999953 0.003978
vn -0.005505 0.924122 0.382057
vn 0.005505 0.924122 0.382058
vn 0.008835 0.999953 0.003978
vn -0.005506 0.382076 0.924115
vn -0.008617 0.033391 0.999405
vn 0.008617 0.033391 0.999405
vn 0.005506 0.382076 0.924115
vn 0.999431 0.033510 -0.003895
vn 0.924028 0.382318 -0.002482
vn 0.924028 0.382318 0.002481
vn 0.999431 0.033510 0.003895
vn 0.382348 0.924015 -0.002482
vn 0.008835 0.999953 -0.003978
vn 0.008835 0.999953 0.003978
vn 0.382347 0.924016 0.002482
vn 0.008844 -0.999953 -0.003982
vn 0.008844 -0.999953 0.003982
vn -0.008844 -0.999953 0.003982
vn -0.008844 -0.999953 -0.003982
vn -0.999431 -0.033513 -0.003895
vn -0.999431 -0.033513 0.003895
vn -0.999431 0.033512 0.003895
vn -0.999431 0.033512 -0.003895
vn -0.008835 0.999953 -0.003978
vn -0.008835 0.999953 0.003978
vn 0.008835 0.999953 0.003978
vn 0.008835 0.999953 -0.003978
vn 0.999431 0.033510 -0.003895
vn 0.999431 0.033510 0.003895
vn 0.999431 -0.033511 0.003895
vn 0.999431 -0.033511 -0.003895
vn 0.008617 -0.033392 0.999405
vn 0.008617 0.033391 0.999405
vn -0.008617 0.033391 0.999405
vn -0.008617 -0.033392 0.999405
vn 0.008617 0.033391 -0.999405
vn 0.008617 -0.033392 -0.999405
vn -0.008617 -0.033392 -0.999405
vn -0.008617 0.033391 -0.999405
vn 0.005503 -0.382213 -0.924058
vn 0.008617 -0.033392 -0.999405
vn 0.380240 -0.021207 -0.924645
vn 0.325132 -0.325307 -0.887955
vn 0.924640 -0.021207 -0.380252
vn 0.999431 -0.033511 -0.003895
vn 0.923971 -0.382455 -0.002482
vn 0.887938 -0.325245 -0.325241
vn 0.382680 -0.923878 -0.002482
vn 0.008844 -0.999953 -0.003982
vn 0.005507 -0.923985 -0.382389
vn 0.325332 -0.887846 -0.325404
vn 0.923970 -0.382456 0.002482
vn 0.999431 -0.033511 0.003895
vn 0.924638 -0.021209 0.380256
vn 0.887907 -0.325292 0.325279
vn 0.380243 -0.021207 0.924644
vn 0.008617 -0.033392 0.999405
vn 0.005504 -0.382213 0.924058
vn 0.325170 -0.325305 0.887942
vn 0.005507 -0.923985 0.382389
vn 0.008844 -0.999953 0.003982
vn 0.382680 -0.923878 0.002482
vn 0.325331 -0.887847 0.325405
vn -0.923963 -0.382473 -0.002482
vn -0.999431 -0.033513 -0.003895
vn -0.924634 -0.021208 -0.380266
vn -0.887934 -0.325233 -0.325265
vn -0.380253 -0.021207 -0.924639
vn -0.008617 -0.033392 -0.999405
vn -0.005504 -0.382213 -0.924058
vn -0.325175 -0.325303 -0.887941
vn -0.005507 -0.923985 -0.382388
vn -0.008844 -0.999953 -0.003982
vn -0.382691 -0.923873 -0.002482
vn -0.325337 -0.887850 -0.325391
vn -0.005505 -0.382213 0.924058
vn -0.008617 -0.033392 0.999405
vn -0.380258 -0.021207 0.924637
vn -0.325246 -0.325295 0.887918
vn -0.924633 -0.021206 0.380268
vn -0.999431 -0.033513 0.003895
vn -0.923963 -0.382473 0.002482
vn -0.887914 -0.325265 0.325287
vn -0.382691 -0.923873 0.002482
vn -0.008844 -0.999953 0.003982
vn -0.005507 -0.923985 0.382388
vn -0.325334 -0.887851 0.325389
vn -0.382359 0.924011 -0.002482
vn -0.008835 0.999953 -0.003978
vn -0.005507 0.924122 -0.382058
vn -0.325310 0.887895 -0.325293
vn -0.005503 0.382076 -0.924115
vn -0.008617 0.033391 -0.999405
vn -0.380253 0.021207 -0.924639
vn -0.325194 0.325204 -0.887970
vn -0.924635 0.021206 -0.380265
vn -0.999431 0.033512 -0.003895
vn -0.924021 0.382335 -0.002481
vn -0.887974 0.325114 -0.325273
vn -0.380264 0.021207 0.924635
vn -0.008617 0.033391 0.999405
vn -0.005506 0.382076 0.924115
vn -0.325371 0.325184 0.887913
vn -0.005505 0.924122 0.382057
vn -0.008835 0.999953 0.003978
vn -0.382358 0.924011 0.002482
vn -0.325208 0.887928 0.325306
vn -0.924020 0.382335 0.002482
vn -0.999431 0.033512 0.003895
vn -0.924633 0.021207 0.380269
vn -0.887936 0.325162 0.325330
vn 0.924028 0.382318 -0.002482
vn 0.999431 0.033510 -0.003895
vn 0.924639 0.021209 -0.380253
vn 0.887958 0.325152 -0.325280
vn 0.380244 0.021206 -0.924643
vn 0.008617 0.033391 -0.999405
vn 0.005503 0.382076 -0.924115
vn 0.325220 0.325198 -0.887963
vn 0.005507 0.924122 -0.382058
vn 0.008835 0.999953 -0.003978
vn 0.382348 0.924015 -0.002482
vn 0.325309 0.887893 -0.325299
vn 0.005506 0.382076 0.924115
vn 0.008617 0.033391 0.999405
vn 0.380253 0.021206 0.924639
vn 0.325361 0.325181 0.887918
vn 0.924638 0.021208 0.380256
vn 0.999431 0.033510 0.003895
vn 0.924028 0.382318 0.002481
vn 0.887933 0.325186 0.325314
vn 0.382347 0.924016 0.002482
vn 0.008835 0.999953 0.003978
vn 0.005505 0.924122 0.382058
vn 0.325204 0.887927 0.325311
vn -0.000731 -0.033607 -0.999435
vn -0.380283 -0.021216 -0.924627
vn -0.380287 0.021216 -0.924625
vn -0.000731 0.033606 -0.999435
vn -0.924666 -0.021201 -0.380188
vn -0.999406 -0.033381 -0.008616
vn -0.999406 0.033380 -0.008616
vn -0.924665 0.021203 -0.380190
vn -0.000748 -0.999960 -0.008868
vn -0.000465 -0.923798 -0.382880
vn 0.000465 -0.923798 -0.382880
vn 0.000748 -0.999960 -0.008868
vn -0.000465 -0.382789 -0.923836
vn -0.000731 -0.033607 -0.999435
vn 0.000731 -0.033607 -0.999435
vn 0.000465 -0.382789 -0.923836
vn -0.999406 -0.033381 -0.008616
vn -0.924103 -0.382104 -0.005505
vn -0.924103 -0.382105 0.005506
vn -0.999406 -0.033381 0.008616
vn -0.382385 -0.923987 -0.005507
vn -0.000748 -0.999960 -0.008868
vn -0.000748 -0.999960 0.008868
vn -0.382385 -0.923987 0.005507
vn 0.999406 -0.033379 -0.008616
vn 0.924676 -0.021206 -0.380164
vn 0.924676 0.021205 -0.380164
vn 0.999406 0.033378 -0.008616
vn 0.380249 -0.021218 -0.924641
vn 0.000731 -0.033607 -0.999435
vn 0.000731 0.033606 -0.999435
vn 0.380252 0.021218 -0.924640
vn 0.000748 -0.999960 -0.008868
vn 0.382344 -0.924004 -0.005507
vn 0.382344 -0.924004 0.005507
vn 0.000748 -0.999960 0.008868
vn 0.924111 -0.382085 -0.005506
vn 0.999406 -0.033379 -0.008616
vn 0.999406 -0.033379 0.008616
vn 0.924111 -0.382085 0.005505
vn -0.999406 -0.033381 0.008616
vn -0.924613 -0.021210 0.380317
vn -0.924611 0.021208 0.380321
vn -0.999406 0.033380 0.008616
vn -0.380427 -0.021204 0.924568
vn -0.000731 -0.033607 0.999435
vn -0.000731 0.033606 0.999435
vn -0.380428 0.021205 0.924567
vn -0.000731 -0.033607 0.999435
vn -0.000465 -0.382789 0.923836
vn 0.000465 -0.382789 0.923836
vn 0.000731 -0.033607 0.999435
vn -0.000465 -0.923762 0.382967
vn -0.000748 -0.999960 0.008868
vn 0.000748 -0.999960 0.008868
vn 0.000465 -0.923762 0.382967
vn 0.000731 -0.033607 0.999435
vn 0.380394 -0.021205 0.924581
vn 0.380400 0.021205 0.924579
vn 0.000731 0.033606 0.999435
vn 0.924624 -0.021209 0.380291
vn 0.999406 -0.033379 0.008616
vn 0.999406 0.033378 0.008616
vn 0.924622 0.021211 0.380296
vn -0.999406 0.033380 0.008616
vn -0.924161 0.381964 0.005505
vn -0.924161 0.381964 -0.005505
vn -0.999406 0.033380 -0.008616
vn -0.382041 0.924129 0.005506
vn -0.000747 0.999960 0.008859
vn -0.000747 0.999960 -0.008859
vn -0.382042 0.924129 -0.005506
vn -0.000747 0.999960 0.008859
vn -0.000465 0.923905 0.382622
vn 0.000465 0.923905 0.382622
vn 0.000747 0.999961 0.008859
vn -0.000465 0.382646 0.923895
vn -0.000731 0.033606 0.999435
vn 0.000731 0.033606 0.999435
vn 0.000465 0.382646 0.923895
vn 0.000747 0.999961 0.008859
vn 0.382000 0.924146 0.005506
vn 0.382001 0.924145 -0.005506
vn 0.000747 0.999960 -0.008859
vn 0.924169 0.381945 0.005505
vn 0.999406 0.033378 0.008616
vn 0.999406 0.033378 -0.008616
vn 0.924169 0.381945 -0.005505
vn -0.000731 0.033606 -0.999435
vn -0.000465 0.382646 -0.923895
vn 0.000465 0.382646 -0.923895
vn 0.000731 0.033606 -0.999435
vn -0.000465 0.923941 -0.382535
vn -0.000747 0.999960 -0.008859
vn 0.000747 0.999960 -0.008859
vn 0.000465 0.923941 -0.382535
vn -0.000748 -0.999960 -0.008868
vn 0.000748 -0.999960 -0.008868
vn 0.000748 -0.999960 0.008868
vn -0.000748 -0.999960 0.008868
vn -0.000731 -0.033607 0.999435
vn 0.000731 -0.033607 0.999435
vn 0.000731 0.033606 0.999435
vn -0.000731 0.033606 0.999435
vn -0.000747 0.999960 0.008859
vn 0.000747 0.999961 0.008859
vn 0.000747 0.999960 -0.008859
vn -0.000747 0.999960 -0.008859
vn -0.000731 0.033606 -0.999435
vn 0.000731 0.033606 -0.999435
vn 0.000731 -0.033607 -0.999435
vn -0.000731 -0.033607 -0.999435
vn 0.999406 -0.033379 -0.008616
vn 0.999406 0.033378 -0.008616
vn 0.999406 0.033378 0.008616
vn 0.999406 -0.033379 0.008616
vn -0.999406 0.033380 -0.008616
vn -0.999406 -0.033381 -0.008616
vn -0.999406 -0.033381 0.008616
vn -0.999406 0.033380 0.008616
vn -0.924103 -0.382104 -0.005505
vn -0.999406 -0.033381 -0.008616
vn -0.924666 -0.021201 -0.380188
vn -0.887952 -0.325242 -0.325206
vn -0.380283 -0.021216 -0.924627
vn -0.000731 -0.033607 -0.999435
vn -0.000465 -0.382789 -0.923836
vn -0.325328 -0.325397 -0.887851
vn -0.000465 -0.923798 -0.382880
vn -0.000748 -0.999960 -0.008868
vn -0.382385 -0.923987 -0.005507
vn -0.325386 -0.887848 -0.325346
vn 0.000465 -0.382789 -0.923836
vn 0.000731 -0.033607 -0.999435
vn 0.380249 -0.021218 -0.924641
vn 0.325258 -0.325418 -0.887869
vn 0.924676 -0.021206 -0.380164
vn 0.999406 -0.033379 -0.008616
vn 0.924111 -0.382085 -0.005506
vn 0.887931 -0.325297 -0.325207
vn 0.382344 -0.924004 -0.005507
vn 0.000748 -0.999960 -0.008868
vn 0.000465 -0.923798 -0.382880
vn 0.325363 -0.887855 -0.325349
vn -0.000465 -0.382789 0.923836
vn -0.000731 -0.033607 0.999435
vn -0.380427 -0.021204 0.924568
vn -0.325201 -0.325289 0.887937
vn -0.924613 -0.021210 0.380317
vn -0.999406 -0.033381 0.008616
vn -0.924103 -0.382105 0.005506
vn -0.887922 -0.325248 0.325281
vn -0.382385 -0.923987 0.005507
vn -0.000748 -0.999960 0.008868
vn -0.000465 -0.923762 0.382967
vn -0.325364 -0.887837 0.325399
vn 0.924111 -0.382085 0.005505
vn 0.999406 -0.033379 0.008616
vn 0.924624 -0.021209 0.380291
vn 0.887933 -0.325248 0.325251
vn 0.380394 -0.021205 0.924581
vn 0.000731 -0.033607 0.999435
vn 0.000465 -0.382789 0.923836
vn 0.325168 -0.325304 0.887943
vn 0.000465 -0.923762 0.382967
vn 0.000748 -0.999960 0.008868
vn 0.382344 -0.924004 0.005507
vn 0.325330 -0.887853 0.325389
vn -0.000465 0.923905 0.382622
vn -0.000747 0.999960 0.008859
vn -0.382041 0.924129 0.005506
vn -0.325237 0.887918 0.325305
vn -0.924161 0.381964 0.005505
vn -0.999406 0.033380 0.008616
vn -0.924611 0.021208 0.380321
vn -0.887926 0.325168 0.325350
vn -0.380428 0.021205 0.924567
vn -0.000731 0.033606 0.999435
vn -0.000465 0.382646 0.923895
vn -0.325251 0.325182 0.887957
vn 0.924622 0.021211 0.380296
vn 0.999406 0.033378 0.008616
vn 0.924169 0.381945 0.005505
vn 0.887917 0.325203 0.325341
vn 0.382000 0.924146 0.005506
vn 0.000747 0.999961 0.008859
vn 0.000465 0.923905 0.382622
vn 0.325201 0.887928 0.325312
vn 0.000465 0.382646 0.923895
vn 0.000731 0.033606 0.999435
vn 0.380400 0.021205 0.924579
vn 0.325287 0.325187 0.887942
vn -0.000465 0.382646 -0.923895
vn -0.000731 0.033606 -0.999435
vn -0.380287 0.021216 -0.924625
vn -0.325412 0.325284 -0.887861
vn -0.924665 0.021203 -0.380190
vn -0.999406 0.033380 -0.008616
vn -0.924161 0.381964 -0.005505
vn -0.887956 0.325176 -0.325260
vn -0.382042 0.924129 -0.005506
vn -0.000747 0.999960 -0.008859
vn -0.000465 0.923941 -0.382535
vn -0.325332 0.887905 -0.325246
vn 0.924169 0.381945 -0.005505
vn 0.999406 0.033378 -0.008616
vn 0.924676 0.021205 -0.380164
vn 0.887956 0.325196 -0.325240
vn 0.380252 0.021218 -0.924640
vn 0.000731 0.033606 -0.999435
vn 0.000465 0.382646 -0.923895
vn 0.325343 0.325307 -0.887878
vn 0.000465 0.923941 -0.382535
vn 0.000747 0.999960 -0.008859
vn 0.382001 0.924145 -0.005506
vn 0.325306 0.887910 -0.325256
vn -0.000731 -0.033607 -0.999435
vn -0.380435 -0.021204 -0.924564
vn -0.380428 0.021204 -0.924567
vn -0.000731 0.033606 -0.999435
vn -0.924613 -0.021209 -0.380318
vn -0.999406 -0.033381 -0.008616
vn -0.999406 0.033380 -0.008616
vn -0.924614 0.021208 -0.380314
vn -0.000748 -0.999960 -0.008868
vn -0.000465 -0.923762 -0.382967
vn 0.000465 -0.923762 -0.382967
vn 0.000748 -0.999960 -0.008868
vn -0.000465 -0.382789 -0.923836
vn -0.000731 -0.033607 -0.999435
vn 0.000731 -0.033607 -0.999435
vn 0.000465 -0.382789 -0.923836
vn -0.999406 -0.033381 -0.008616
vn -0.924104 -0.382102 -0.005506
vn -0.924103 -0.382103 0.005506
vn -0.999406 -0.033381 0.008616
vn -0.382370 -0.923993 -0.005507
vn -0.000748 -0.999960 -0.008868
vn -0.000748 -0.999960 0.008868
vn -0.382371 -0.923993 0.005506
vn 0.999406 -0.033380 -0.008616
vn 0.924623 -0.021210 -0.380292
vn 0.924624 0.021210 -0.380289
vn 0.999406 0.033379 -0.008616
vn 0.380401 -0.021205 -0.924579
vn 0.000731 -0.033607 -0.999435
vn 0.000731 0.033606 -0.999435
vn 0.380396 0.021205 -0.924581
vn 0.000748 -0.999960 -0.008868
vn 0.382345 -0.924003 -0.005507
vn 0.382346 -0.924003 0.005506
vn 0.000748 -0.999960 0.008868
vn 0.924108 -0.382092 -0.005505
vn 0.999406 -0.033380 -0.008616
vn 0.999406 -0.033380 0.008616
vn 0.924108 -0.382093 0.005505
vn -0.999406 -0.033381 0.008616
vn -0.924637 -0.021203 0.380259
vn -0.924637 0.021202 0.380260
vn -0.999406 0.033380 0.008616
vn -0.380123 -0.021208 0.924693
vn -0.000731 -0.033586 0.999436
vn -0.000731 0.033585 0.999436
vn -0.380133 0.021208 0.924689
vn -0.000731 -0.033586 0.999436
vn -0.000465 -0.382580 0.923922
vn 0.000465 -0.382580 0.923922
vn 0.000731 -0.033586 0.999436
vn -0.000465 -0.923762 0.382967
vn -0.000748 -0.999960 0.008868
vn 0.000748 -0.999960 0.008868
vn 0.000465 -0.923762 0.382967
vn 0.000731 -0.033586 0.999436
vn 0.380091 -0.021209 0.924706
vn 0.380099 0.021209 0.924703
vn 0.000731 0.033585 0.999436
vn 0.924648 -0.021203 0.380233
vn 0.999406 -0.033380 0.008616
vn 0.999406 0.033379 0.008616
vn 0.924647 0.021202 0.380234
vn -0.999406 0.033380 0.008616
vn -0.924161 0.381963 0.005505
vn -0.924162 0.381961 -0.005505
vn -0.999406 0.033380 -0.008616
vn -0.382028 0.924134 0.005505
vn -0.000747 0.999960 0.008859
vn -0.000747 0.999960 -0.008859
vn -0.382027 0.924135 -0.005505
vn -0.000747 0.999960 0.008859
vn -0.000465 0.923905 0.382622
vn 0.000465 0.923905 0.382622
vn 0.000747 0.999960 0.008859
vn -0.000465 0.382437 0.923982
vn -0.000731 0.033585 0.999436
vn 0.000731 0.033585 0.999436
vn 0.000465 0.382436 0.923982
vn 0.000747 0.999960 0.008859
vn 0.382003 0.924145 0.005505
vn 0.382002 0.924145 -0.005506
vn 0.000747 0.999960 -0.008859
vn 0.924165 0.381953 0.005504
vn 0.999406 0.033379 0.008616
vn 0.999406 0.033379 -0.008616
vn 0.924166 0.381951 -0.005505
vn -0.000731 0.033606 -0.999435
vn -0.000465 0.382646 -0.923895
vn 0.000465 0.382646 -0.923895
vn 0.000731 0.033606 -0.999435
vn -0.000465 0.923905 -0.382622
vn -0.000747 0.999960 -0.008859
vn 0.000747 0.999960 -0.008859
vn 0.000465 0.923905 -0.382622
vn -0.000748 -0.999960 -0.008868
vn 0.000748 -0.999960 -0.008868
vn 0.000748 -0.999960 0.008868
vn -0.000748 -0.999960 0.008868
vn -0.000731 -0.033586 0.999436
vn 0.000731 -0.033586 0.999436
vn 0.000731 0.033585 0.999436
vn -0.000731 0.033585 0.999436
vn -0.000747 0.999960 0.008859
vn 0.000747 0.999960 0.008859
vn 0.000747 0.999960 -0.008859
vn -0.000747 0.999960 -0.008859
vn -0.000731 0.033606 -0.999435
vn 0.000731 0.033606 -0.999435
vn 0.000731 -0.033607 -0.999435
vn -0.000731 -0.033607 -0.999435
vn 0.999406 -0.033380 -0.008616
vn 0.999406 0.033379 -0.008616
vn 0.999406 0.033379 0.008616
vn 0.999406 -0.033380 0.008616
vn -0.999406 0.033380 -0.008616
vn -0.999406 -0.033381 -0.008616
vn -0.999406 -0.033381 0.008616
vn -0.999406 0.033380 0.008616
vn -0.924104 -0.382102 -0.005506
vn -0.999406 -0.033381 -0.008616
vn -0.924613 -0.021209 -0.380318
vn -0.887917 -0.325251 -0.325294
vn -0.380435 -0.021204 -0.924564
vn -0.000731 -0.033607 -0.999435
vn -0.000465 -0.382789 -0.923836
vn -0.325342 -0.325274 -0.887890
vn -0.000465 -0.923762 -0.382967
vn -0.000748 -0.999960 -0.008868
vn -0.382370 -0.923993 -0.005507
vn -0.325399 -0.887824 -0.325399
vn 0.000465 -0.382789 -0.923836
vn 0.000731 -0.033607 -0.999435
vn 0.380401 -0.021205 -0.924579
vn 0.325273 -0.325290 -0.887910
vn 0.924623 -0.021210 -0.380292
vn 0.999406 -0.033380 -0.008616
vn 0.924108 -0.382092 -0.005505
vn 0.887924 -0.325263 -0.325262
vn 0.382345 -0.924003 -0.005507
vn 0.000748 -0.999960 -0.008868
vn 0.000465 -0.923762 -0.382967
vn 0.325365 -0.887840 -0.325390
vn -0.000465 -0.382580 0.923922
vn -0.000731 -0.033586 0.999436
vn -0.380123 -0.021208 0.924693
vn -0.325201 -0.325289 0.887937
vn -0.924637 -0.021203 0.380259
vn -0.999406 -0.033381 0.008616
vn -0.924103 -0.382103 0.005506
vn -0.887886 -0.325302 0.325326
vn -0.382371 -0.923993 0.005506
vn -0.000748 -0.999960 0.008868
vn -0.000465 -0.923762 0.382967
vn -0.325410 -0.887803 0.325444
vn 0.924108 -0.382093 0.005505
vn 0.999406 -0.033380 0.008616
vn 0.924648 -0.021203 0.380233
vn 0.887897 -0.325302 0.325296
vn 0.380091 -0.021209 0.924706
vn 0.000731 -0.033586 0.999436
vn 0.000465 -0.382580 0.923922
vn 0.325168 -0.325304 0.887943
vn 0.000465 -0.923762 0.382967
vn 0.000748 -0.999960 0.008868
vn 0.382346 -0.924003 0.005506
vn 0.325371 -0.887823 0.325430
vn -0.000465 0.923905 0.382622
vn -0.000747 0.999960 0.008859
vn -0.382028 0.924134 0.005505
vn -0.325314 0.887875 0.325344
vn -0.924161 0.381963 0.005505
vn -0.999406 0.033380 0.008616
vn -0.924637 0.021202 0.380260
vn -0.887910 0.325191 0.325373
vn -0.380133 0.021208 0.924689
vn -0.000731 0.033585 0.999436
vn -0.000465 0.382437 0.923982
vn -0.325392 0.325166 0.887912
vn 0.924647 0.021202 0.380234
vn 0.999406 0.033379 0.008616
vn 0.924165 0.381953 0.005504
vn 0.887917 0.325203 0.325341
vn 0.382003 0.924145 0.005505
vn 0.000747 0.999960 0.008859
vn 0.000465 0.923905 0.382622
vn 0.325276 0.887888 0.325347
vn 0.000465 0.382436 0.923982
vn 0.000731 0.033585 0.999436
vn 0.380099 0.021209 0.924703
vn 0.325323 0.325183 0.887931
vn -0.000465 0.382646 -0.923895
vn -0.000731 0.033606 -0.999435
vn -0.380428 0.021204 -0.924567
vn -0.325250 0.325182 -0.887958
vn -0.924614 0.021208 -0.380314
vn -0.999406 0.033380 -0.008616
vn -0.924162 0.381961 -0.005505
vn -0.887982 0.325097 -0.325269
vn -0.382027 0.924135 -0.005505
vn -0.000747 0.999960 -0.008859
vn -0.000465 0.923905 -0.382622
vn -0.325307 0.887894 -0.325299
vn 0.924166 0.381951 -0.005505
vn 0.999406 0.033379 -0.008616
vn 0.924624 0.021210 -0.380289
vn 0.887976 0.325119 -0.325262
vn 0.380396 0.021205 -0.924581
vn 0.000731 0.033606 -0.999435
vn 0.000465 0.382646 -0.923895
vn 0.325218 0.325196 -0.887965
vn 0.000465 0.923905 -0.382622
vn 0.000747 0.999960 -0.008859
vn 0.382002 0.924145 -0.005506
vn 0.325271 0.887907 -0.325300
vn 0.999955 -0.002330 0.009198
vn 0.983937 -0.178410 0.006156
vn 0.983937 -0.178411 -0.006156
vn 0.999955 -0.002330 -0.009198
vn 0.681853 -0.731398 0.011560
vn 0.019530 -0.999593 0.020783
vn 0.019530 -0.999593 -0.020782
vn 0.681856 -0.731395 -0.011560
vn 0.032102 -0.008597 0.999448
vn 0.833443 -0.003984 0.552591
vn 0.833443 0.003984 0.552591
vn 0.032102 0.008597 0.999448
vn 0.993612 -0.001355 0.112843
vn 0.999955 -0.002330 0.009198
vn 0.999955 0.002330 0.009198
vn 0.993612 0.001355 0.112843
vn 0.019530 -0.999593 0.020783
vn 0.009675 -0.968355 0.249391
vn -0.009675 -0.968355 0.249391
vn -0.019530 -0.999593 0.020782
vn 0.019759 -0.553284 0.832758
vn 0.032102 -0.008597 0.999448
vn -0.032102 -0.008597 0.999448
vn -0.019759 -0.553284 0.832758
vn 0.187115 0.961948 0.199109
vn 0.681820 0.731429 0.011560
vn 0.681822 0.731427 -0.011559
vn 0.187094 0.961957 -0.199084
vn 0.983937 0.178412 0.006156
vn 0.999955 0.002330 0.009198
vn 0.999955 0.002330 -0.009198
vn 0.983936 0.178413 -0.006156
vn 0.032102 0.008597 0.999448
vn 0.019760 0.553284 0.832759
vn -0.019760 0.553284 0.832759
vn -0.032102 0.008597 0.999448
vn 0.009676 0.968362 0.249363
vn 0.187115 0.961948 0.199109
vn -0.187105 0.961952 0.199098
vn -0.009676 0.968362 0.249362
vn -0.019530 -0.999593 0.020782
vn -0.681750 -0.731494 0.011559
vn -0.681753 -0.731491 -0.011560
vn -0.019530 -0.999593 -0.020782
vn -0.983947 -0.178354 0.006158
vn -0.999955 -0.002329 0.009198
vn -0.999955 -0.002329 -0.009198
vn -0.983947 -0.178353 -0.006158
vn -0.999955 -0.002329 0.009198
vn -0.993612 -0.001355 0.112843
vn -0.993612 0.001355 0.112843
vn -0.999955 0.002329 0.009198
vn -0.833405 -0.003984 0.552649
vn -0.032102 -0.008597 0.999448
vn -0.032102 0.008597 0.999448
vn -0.833405 0.003984 0.552648
vn -0.999955 0.002329 0.009198
vn -0.983947 0.178355 0.006158
vn -0.983947 0.178353 -0.006157
vn -0.999955 0.002329 -0.009198
vn -0.681716 0.731525 0.011560
vn -0.187105 0.961952 0.199098
vn -0.187084 0.961961 -0.199074
vn -0.681717 0.731524 -0.011559
vn -0.019530 -0.999593 -0.020782
vn -0.009672 -0.968365 -0.249352
vn 0.009672 -0.968364 -0.249353
vn 0.019530 -0.999593 -0.020782
vn -0.019759 -0.552981 -0.832959
vn -0.032079 -0.008590 -0.999448
vn 0.032079 -0.008590 -0.999448
vn 0.019758 -0.552981 -0.832960
vn -0.032079 -0.008590 -0.999448
vn -0.833219 -0.003985 -0.552929
vn -0.833219 0.003985 -0.552930
vn -0.032079 0.008590 -0.999448
vn -0.993613 -0.001355 -0.112835
vn -0.999955 -0.002329 -0.009198
vn -0.999955 0.002329 -0.009198
vn -0.993613 0.001355 -0.112835
vn -0.032079 0.008590 -0.999448
vn -0.019758 0.552980 -0.832960
vn 0.019758 0.552980 -0.832960
vn 0.032079 0.008590 -0.999448
vn -0.009673 0.968372 -0.249324
vn -0.187084 0.961961 -0.199074
vn 0.187094 0.961957 -0.199084
vn 0.009672 0.968372 -0.249324
vn 0.999955 -0.002330 -0.009198
vn 0.993613 -0.001355 -0.112835
vn 0.993613 0.001355 -0.112834
vn 0.999955 0.002330 -0.009198
vn 0.833257 -0.003985 -0.552872
vn 0.032079 -0.008590 -0.999448
vn 0.032079 0.008590 -0.999448
vn 0.833257 0.003985 -0.552872
vn 0.032102 -0.008597 0.999448
vn 0.032102 0.008597 0.999448
vn -0.032102 0.008597 0.999448
vn -0.032102 -0.008597 0.999448
vn -0.999955 -0.002329 0.009198
vn -0.999955 0.002329 0.009198
vn -0.999955 0.002329 -0.009198
vn -0.999955 -0.002329 -0.009198
vn -0.032079 -0.008590 -0.999448
vn -0.032079 0.008590 -0.999448
vn 0.032079 0.008590 -0.999448
vn 0.032079 -0.008590 -0.999448
vn 0.999955 -0.002330 -0.009198
vn 0.999955 0.002330 -0.009198
vn 0.999955 0.002330 0.009198
vn 0.999955 -0.002330 0.009198
vn 0.019530 -0.999593 -0.020782
vn 0.019530 -0.999593 0.020783
vn -0.019530 -0.999593 0.020782
vn -0.019530 -0.999593 -0.020782
vn 0.009675 -0.968355 0.249391
vn 0.019530 -0.999593 0.020783
vn 0.681853 -0.731398 0.011560
vn 0.629487 -0.757556 0.172785
vn 0.983937 -0.178410 0.006156
vn 0.999955 -0.002330 0.009198
vn 0.993612 -0.001355 0.112843
vn 0.982384 -0.158649 0.098757
vn 0.833443 -0.003984 0.552591
vn 0.032102 -0.008597 0.999448
vn 0.019759 -0.553284 0.832758
vn 0.754831 -0.332696 0.565282
vn 0.993612 0.001355 0.112843
vn 0.999955 0.002330 0.009198
vn 0.983937 0.178412 0.006156
vn 0.982383 0.158653 0.098759
vn 0.681820 0.731429 0.011560
vn 0.187115 0.961948 0.199109
vn 0.009676 0.968362 0.249363
vn 0.629540 0.757515 0.172774
vn 0.019760 0.553284 0.832759
vn 0.032102 0.008597 0.999448
vn 0.833443 0.003984 0.552591
vn 0.754856 0.332682 0.565257
vn -0.993612 -0.001355 0.112843
vn -0.999955 -0.002329 0.009198
vn -0.983947 -0.178354 0.006158
vn -0.982380 -0.158653 0.098785
vn -0.681750 -0.731494 0.011559
vn -0.019530 -0.999593 0.020782
vn -0.009675 -0.968355 0.249391
vn -0.629416 -0.757613 0.172792
vn -0.019759 -0.553284 0.832758
vn -0.032102 -0.008597 0.999448
vn -0.833405 -0.003984 0.552649
vn -0.754781 -0.332728 0.565330
vn -0.009676 0.968362 0.249362
vn -0.187105 0.961952 0.199098
vn -0.681716 0.731525 0.011560
vn -0.629458 0.757582 0.172778
vn -0.983947 0.178355 0.006158
vn -0.999955 0.002329 0.009198
vn -0.993612 0.001355 0.112843
vn -0.982378 0.158661 0.098789
vn -0.833405 0.003984 0.552648
vn -0.032102 0.008597 0.999448
vn -0.019760 0.553284 0.832759
vn -0.754806 0.332713 0.565305
vn -0.833219 -0.003985 -0.552929
vn -0.032079 -0.008590 -0.999448
vn -0.019759 -0.552981 -0.832959
vn -0.754729 -0.332695 -0.565419
vn -0.009672 -0.968365 -0.249352
vn -0.019530 -0.999593 -0.020782
vn -0.681753 -0.731491 -0.011560
vn -0.629468 -0.757576 -0.172767
vn -0.983947 -0.178353 -0.006158
vn -0.999955 -0.002329 -0.009198
vn -0.993613 -0.001355 -0.112835
vn -0.982383 -0.158640 -0.098777
vn -0.681717 0.731524 -0.011559
vn -0.187084 0.961961 -0.199074
vn -0.009673 0.968372 -0.249324
vn -0.629487 0.757565 -0.172748
vn -0.019758 0.552980 -0.832960
vn -0.032079 0.008590 -0.999448
vn -0.833219 0.003985 -0.552930
vn -0.754705 0.332709 -0.565443
vn -0.993613 0.001355 -0.112835
vn -0.999955 0.002329 -0.009198
vn -0.983947 0.178353 -0.006157
vn -0.982386 0.158632 -0.098762
vn 0.993613 -0.001355 -0.112835
vn 0.999955 -0.002330 -0.009198
vn 0.983937 -0.178411 -0.006156
vn 0.982382 -0.158663 -0.098749
vn 0.681856 -0.731395 -0.011560
vn 0.019530 -0.999593 -0.020782
vn 0.009672 -0.968364 -0.249353
vn 0.629550 -0.757509 -0.172763
vn 0.019758 -0.552981 -0.832960
vn 0.032079 -0.008590 -0.999448
vn 0.833257 -0.003985 -0.552872
vn 0.754761 -0.332652 -0.565401
vn 0.009672 0.968372 -0.249324
vn 0.187094 0.961957 -0.199084
vn 0.681822 0.731427 -0.011559
vn 0.629580 0.757488 -0.172746
vn 0.983936 0.178413 -0.006156
vn 0.999955 0.002330 -0.009198
vn 0.993613 0.001355 -0.112834
vn 0.982381 0.158677 -0.098740
vn 0.833257 0.003985 -0.552872
vn 0.032079 0.008590 -0.999448
vn 0.019758 0.552980 -0.832960
vn 0.754762 0.332652 -0.565400
vn 0.999955 -0.002330 0.009200
vn 0.983936 -0.178414 0.006157
vn 0.983937 -0.178412 -0.006157
vn 0.999955 -0.002330 -0.009200
vn 0.681751 -0.731493 0.011560
vn 0.019530 -0.999593 0.020783
vn 0.019530 -0.999593 -0.020782
vn 0.681755 -0.731489 -0.011560
vn 0.032102 -0.008597 0.999448
vn 0.833405 -0.003984 0.552649
vn 0.833405 0.003984 0.552648
vn 0.032102 0.008597 0.999448
vn 0.993610 -0.001356 0.112863
vn 0.999955 -0.002330 0.009200
vn 0.999955 0.002330 0.009200
vn 0.993610 0.001356 0.112863
vn 0.019530 -0.999593 0.020783
vn 0.009676 -0.968355 0.249390
vn -0.009675 -0.968355 0.249390
vn -0.019530 -0.999593 0.020783
vn 0.019759 -0.553285 0.832758
vn 0.032102 -0.008597 0.999448
vn -0.032102 -0.008597 0.999448
vn -0.019759 -0.553284 0.832759
vn 0.187104 0.961952 0.199098
vn 0.681715 0.731526 0.011559
vn 0.681720 0.731522 -0.011558
vn 0.187083 0.961961 -0.199074
vn 0.983936 0.178415 0.006157
vn 0.999955 0.002330 0.009200
vn 0.999955 0.002330 -0.009200
vn 0.983936 0.178413 -0.006158
vn 0.032102 0.008597 0.999448
vn 0.019760 0.553286 0.832757
vn -0.019761 0.553285 0.832758
vn -0.032102 0.008597 0.999448
vn 0.009676 0.968362 0.249362
vn 0.187104 0.961952 0.199098
vn -0.187109 0.961950 0.199103
vn -0.009676 0.968362 0.249363
vn -0.019530 -0.999593 0.020783
vn -0.681805 -0.731442 0.011559
vn -0.681807 -0.731441 -0.011559
vn -0.019530 -0.999593 -0.020782
vn -0.983936 -0.178413 0.006158
vn -0.999955 -0.002330 0.009201
vn -0.999955 -0.002330 -0.009201
vn -0.983936 -0.178413 -0.006158
vn -0.999955 -0.002330 0.009201
vn -0.993607 -0.001356 0.112884
vn -0.993607 0.001356 0.112884
vn -0.999955 0.002330 0.009201
vn -0.833443 -0.003984 0.552591
vn -0.032102 -0.008597 0.999448
vn -0.032102 0.008597 0.999448
vn -0.833443 0.003984 0.552591
vn -0.999955 0.002330 0.009201
vn -0.983936 0.178416 0.006158
vn -0.983937 0.178413 -0.006157
vn -0.999955 0.002330 -0.009201
vn -0.681770 0.731476 0.011559
vn -0.187109 0.961950 0.199103
vn -0.187089 0.961959 -0.199079
vn -0.681773 0.731473 -0.011559
vn -0.019530 -0.999593 -0.020782
vn -0.009672 -0.968365 -0.249352
vn 0.009673 -0.968365 -0.249352
vn 0.019530 -0.999593 -0.020782
vn -0.019759 -0.552981 -0.832960
vn -0.032079 -0.008590 -0.999448
vn 0.032079 -0.008590 -0.999448
vn 0.019759 -0.552981 -0.832959
vn -0.032079 -0.008590 -0.999448
vn -0.833257 -0.003985 -0.552872
vn -0.833257 0.003985 -0.552872
vn -0.032079 0.008590 -0.999448
vn -0.993608 -0.001355 -0.112875
vn -0.999955 -0.002330 -0.009201
vn -0.999955 0.002330 -0.009201
vn -0.993608 0.001355 -0.112875
vn -0.032079 0.008590 -0.999448
vn -0.019758 0.552982 -0.832959
vn 0.019758 0.552983 -0.832958
vn 0.032079 0.008590 -0.999448
vn -0.009673 0.968372 -0.249324
vn -0.187089 0.961959 -0.199079
vn 0.187083 0.961961 -0.199074
vn 0.009673 0.968372 -0.249324
vn 0.999955 -0.002330 -0.009200
vn 0.993611 -0.001355 -0.112855
vn 0.993611 0.001355 -0.112855
vn 0.999955 0.002330 -0.009200
vn 0.833219 -0.003986 -0.552929
vn 0.032079 -0.008590 -0.999448
vn 0.032079 0.008590 -0.999448
vn 0.833219 0.003986 -0.552929
vn 0.032102 -0.008597 0.999448
vn 0.032102 0.008597 0.999448
vn -0.032102 0.008597 0.999448
vn -0.032102 -0.008597 0.999448
vn -0.999955 -0.002330 0.009201
vn -0.999955 0.002330 0.009201
vn -0.999955 0.002330 -0.009201
vn -0.999955 -0.002330 -0.009201
vn -0.032079 -0.008590 -0.999448
vn -0.032079 0.008590 -0.999448
vn 0.032079 0.008590 -0.999448
vn 0.032079 -0.008590 -0.999448
vn 0.999955 -0.002330 -0.009200
vn 0.999955 0.002330 -0.009200
vn 0.999955 0.002330 0.009200
vn 0.999955 -0.002330 0.009200
vn 0.019530 -0.999593 -0.020782
vn 0.019530 -0.999593 0.020783
vn -0.019530 -0.999593 0.020783
vn -0.019530 -0.999593 -0.020782
vn 0.009676 -0.968355 0.249390
vn 0.019530 -0.999593 0.020783
vn 0.681751 -0.731493 0.011560
vn 0.629428 -0.757603 0.172795
vn 0.983936 -0.178414 0.006157
vn 0.999955 -0.002330 0.009200
vn 0.993610 -0.001356 0.112863
vn 0.982373 -0.158702 0.098781
vn 0.833405 -0.003984 0.552649
vn 0.032102 -0.008597 0.999448
vn 0.019759 -0.553285 0.832758
vn 0.754780 -0.332759 0.565313
vn 0.993610 0.001356 0.112863
vn 0.999955 0.002330 0.009200
vn 0.983936 0.178415 0.006157
vn 0.982372 0.158706 0.098783
vn 0.681715 0.731526 0.011559
vn 0.187104 0.961952 0.199098
vn 0.009676 0.968362 0.249362
vn 0.629447 0.757592 0.172774
vn 0.019760 0.553286 0.832757
vn 0.032102 0.008597 0.999448
vn 0.833405 0.003984 0.552648
vn 0.754804 0.332744 0.565290
vn -0.993607 -0.001356 0.112884
vn -0.999955 -0.002330 0.009201
vn -0.983936 -0.178413 0.006158
vn -0.982374 -0.158693 0.098784
vn -0.681805 -0.731442 0.011559
vn -0.019530 -0.999593 0.020783
vn -0.009675 -0.968355 0.249390
vn -0.629510 -0.757536 0.172791
vn -0.019759 -0.553284 0.832759
vn -0.032102 -0.008597 0.999448
vn -0.833443 -0.003984 0.552591
vn -0.754810 -0.332698 0.565309
vn -0.009676 0.968362 0.249363
vn -0.187109 0.961950 0.199103
vn -0.681770 0.731476 0.011559
vn -0.629523 0.757530 0.172770
vn -0.983936 0.178416 0.006158
vn -0.999955 0.002330 0.009201
vn -0.993607 0.001356 0.112884
vn -0.982370 0.158714 0.098789
vn -0.833443 0.003984 0.552591
vn -0.032102 0.008597 0.999448
vn -0.019761 0.553285 0.832758
vn -0.754835 0.332684 0.565284
vn -0.833257 -0.003985 -0.552872
vn -0.032079 -0.008590 -0.999448
vn -0.019759 -0.552981 -0.832960
vn -0.754754 -0.332677 -0.565395
vn -0.009672 -0.968365 -0.249352
vn -0.019530 -0.999593 -0.020782
vn -0.681807 -0.731441 -0.011559
vn -0.629539 -0.757519 -0.172760
vn -0.983936 -0.178413 -0.006158
vn -0.999955 -0.002330 -0.009201
vn -0.993608 -0.001355 -0.112875
vn -0.982375 -0.158693 -0.098776
vn -0.681773 0.731473 -0.011559
vn -0.187089 0.961959 -0.199079
vn -0.009673 0.968372 -0.249324
vn -0.629580 0.757488 -0.172746
vn -0.019758 0.552982 -0.832959
vn -0.032079 0.008590 -0.999448
vn -0.833257 0.003985 -0.552872
vn -0.754730 0.332692 -0.565419
vn -0.993608 0.001355 -0.112875
vn -0.999955 0.002330 -0.009201
vn -0.983937 0.178413 -0.006157
vn -0.982379 0.158672 -0.098762
vn 0.993611 -0.001355 -0.112855
vn 0.999955 -0.002330 -0.009200
vn 0.983937 -0.178412 -0.006157
vn 0.982378 -0.158676 -0.098773
vn 0.681755 -0.731489 -0.011560
vn 0.019530 -0.999593 -0.020782
vn 0.009673 -0.968365 -0.249352
vn 0.629502 -0.757546 -0.172776
vn 0.019759 -0.552981 -0.832959
vn 0.032079 -0.008590 -0.999448
vn 0.833219 -0.003986 -0.552929
vn 0.754704 -0.332740 -0.565426
vn 0.009673 0.968372 -0.249324
vn 0.187083 0.961961 -0.199074
vn 0.681720 0.731522 -0.011558
vn 0.629521 0.757535 -0.172754
vn 0.983936 0.178413 -0.006158
vn 0.999955 0.002330 -0.009200
vn 0.993611 0.001355 -0.112855
vn 0.982378 0.158676 -0.098765
vn 0.833219 0.003986 -0.552929
vn 0.032079 0.008590 -0.999448
vn 0.019758 0.552983 -0.832958
vn 0.754703 0.332740 -0.565427
vn 0.999955 -0.002330 0.009200
vn 0.983936 -0.178414 0.006158
vn 0.983937 -0.178412 -0.006158
vn 0.999955 -0.002330 -0.009200
vn 0.681751 -0.731493 0.011560
vn 0.019530 -0.999593 0.020783
vn 0.019530 -0.999593 -0.020782
vn 0.681755 -0.731489 -0.011560
vn 0.032102 -0.008597 0.999448
vn 0.833405 -0.003985 0.552649
vn 0.833405 0.003985 0.552649
vn 0.032102 0.008597 0.999448
vn 0.993609 -0.001356 0.112872
vn 0.999955 -0.002330 0.009200
vn 0.999955 0.002330 0.009200
vn 0.993609 0.001356 0.112872
vn 0.019530 -0.999593 0.020783
vn 0.009676 -0.968355 0.249390
vn -0.009676 -0.968355 0.249390
vn -0.019530 -0.999593 0.020783
vn 0.019760 -0.553285 0.832758
vn 0.032102 -0.008597 0.999448
vn -0.032102 -0.008597 0.999448
vn -0.019760 -0.553284 0.832759
vn 0.187102 0.961953 0.199098
vn 0.681712 0.731529 0.011559
vn 0.681717 0.731525 -0.011559
vn 0.187082 0.961962 -0.199074
vn 0.983936 0.178414 0.006158
vn 0.999955 0.002330 0.009200
vn 0.999955 0.002330 -0.009200
vn 0.983936 0.178414 -0.006157
vn 0.032102 0.008597 0.999448
vn 0.019759 0.553286 0.832757
vn -0.019759 0.553285 0.832758
vn -0.032102 0.008597 0.999448
vn 0.009676 0.968362 0.249362
vn 0.187102 0.961953 0.199098
vn -0.187107 0.961951 0.199103
vn -0.009675 0.968362 0.249363
vn -0.019530 -0.999593 0.020783
vn -0.681805 -0.731442 0.011559
vn -0.681806 -0.731441 -0.011559
vn -0.019530 -0.999593 -0.020782
vn -0.983936 -0.178413 0.006158
vn -0.999955 -0.002330 0.009201
vn -0.999955 -0.002330 -0.009201
vn -0.983937 -0.178413 -0.006158
vn -0.999955 -0.002330 0.009201
vn -0.993606 -0.001356 0.112892
vn -0.993606 0.001356 0.112892
vn -0.999955 0.002330 0.009201
vn -0.833443 -0.003984 0.552591
vn -0.032102 -0.008597 0.999448
vn -0.032102 0.008597 0.999448
vn -0.833443 0.003983 0.552591
vn -0.999955 0.002330 0.009201
vn -0.983936 0.178414 0.006158
vn -0.983936 0.178414 -0.006158
vn -0.999955 0.002330 -0.009201
vn -0.681767 0.731479 0.011558
vn -0.187107 0.961951 0.199103
vn -0.187088 0.961959 -0.199079
vn -0.681769 0.731476 -0.011559
vn -0.019530 -0.999593 -0.020782
vn -0.009672 -0.968365 -0.249352
vn 0.009672 -0.968365 -0.249352
vn 0.019530 -0.999593 -0.020782
vn -0.019758 -0.552981 -0.832960
vn -0.032079 -0.008590 -0.999448
vn 0.032079 -0.008590 -0.999448
vn 0.019758 -0.552981 -0.832959
vn -0.032079 -0.008590 -0.999448
vn -0.833257 -0.003985 -0.552872
vn -0.833257 0.003985 -0.552871
vn -0.032079 0.008590 -0.999448
vn -0.993608 -0.001355 -0.112875
vn -0.999955 -0.002330 -0.009201
vn -0.999955 0.002330 -0.009201
vn -0.993608 0.001355 -0.112875
vn -0.032079 0.008590 -0.999448
vn -0.019759 0.552982 -0.832959
vn 0.019760 0.552983 -0.832958
vn 0.032079 0.008590 -0.999448
vn -0.009673 0.968372 -0.249324
vn -0.187088 0.961959 -0.199079
vn 0.187082 0.961962 -0.199074
vn 0.009673 0.968372 -0.249324
vn 0.999955 -0.002330 -0.009200
vn 0.993611 -0.001355 -0.112855
vn 0.993611 0.001355 -0.112855
vn 0.999955 0.002330 -0.009200
vn 0.833218 -0.003986 -0.552930
vn 0.032079 -0.008590 -0.999448
vn 0.032079 0.008590 -0.999448
vn 0.833219 0.003986 -0.552930
vn 0.032102 -0.008597 0.999448
vn 0.032102 0.008597 0.999448
vn -0.032102 0.008597 0.999448
vn -0.032102 -0.008597 0.999448
vn -0.999955 -0.002330 0.009201
vn -0.999955 0.002330 0.009201
vn -0.999955 0.002330 -0.009201
vn -0.999955 -0.002330 -0.009201
vn -0.032079 -0.008590 -0.999448
vn -0.032079 0.008590 -0.999448
vn 0.032079 0.008590 -0.999448
vn 0.032079 -0.008590 -0.999448
vn 0.999955 -0.002330 -0.009200
vn 0.999955 0.002330 -0.009200
vn 0.999955 0.002330 0.009200
vn 0.999955 -0.002330 0.009200
vn 0.019530 -0.999593 -0.020782
vn 0.019530 -0.999593 0.020783
vn -0.019530 -0.999593 0.020783
vn -0.019530 -0.999593 -0.020782
vn 0.009676 -0.968355 0.249390
vn 0.019530 -0.999593 0.020783
vn 0.681751 -0.731493 0.011560
vn 0.629428 -0.757603 0.172795
vn 0.983936 -0.178414 0.006158
vn 0.999955 -0.002330 0.009200
vn 0.993609 -0.001356 0.112872
vn 0.982372 -0.158706 0.098784
vn 0.833405 -0.003985 0.552649
vn 0.032102 -0.008597 0.999448
vn 0.019760 -0.553285 0.832758
vn 0.754780 -0.332759 0.565313
vn 0.993609 0.001356 0.112872
vn 0.999955 0.002330 0.009200
vn 0.983936 0.178414 0.006158
vn 0.982372 0.158706 0.098783
vn 0.681712 0.731529 0.011559
vn 0.187102 0.961953 0.199098
vn 0.009676 0.968362 0.249362
vn 0.629447 0.757592 0.172774
vn 0.019759 0.553286 0.832757
vn 0.032102 0.008597 0.999448
vn 0.833405 0.003985 0.552649
vn 0.754755 0.332773 0.565338
vn -0.993606 -0.001356 0.112892
vn -0.999955 -0.002330 0.009201
vn -0.983936 -0.178413 0.006158
vn -0.982374 -0.158693 0.098784
vn -0.681805 -0.731442 0.011559
vn -0.019530 -0.999593 0.020783
vn -0.009676 -0.968355 0.249390
vn -0.629510 -0.757536 0.172791
vn -0.019760 -0.553284 0.832759
vn -0.032102 -0.008597 0.999448
vn -0.833443 -0.003984 0.552591
vn -0.754834 -0.332683 0.565285
vn -0.009675 0.968362 0.249363
vn -0.187107 0.961951 0.199103
vn -0.681767 0.731479 0.011558
vn -0.629523 0.757530 0.172770
vn -0.983936 0.178414 0.006158
vn -0.999955 0.002330 0.009201
vn -0.993606 0.001356 0.112892
vn -0.982372 0.158706 0.098783
vn -0.833443 0.003983 0.552591
vn -0.032102 0.008597 0.999448
vn -0.019759 0.553285 0.832758
vn -0.754835 0.332684 0.565284
vn -0.833257 -0.003985 -0.552872
vn -0.032079 -0.008590 -0.999448
vn -0.019758 -0.552981 -0.832960
vn -0.754754 -0.332677 -0.565395
vn -0.009672 -0.968365 -0.249352
vn -0.019530 -0.999593 -0.020782
vn -0.681806 -0.731441 -0.011559
vn -0.629539 -0.757519 -0.172760
vn -0.983937 -0.178413 -0.006158
vn -0.999955 -0.002330 -0.009201
vn -0.993608 -0.001355 -0.112875
vn -0.982376 -0.158689 -0.098773
vn -0.681769 0.731476 -0.011559
vn -0.187088 0.961959 -0.199079
vn -0.009673 0.968372 -0.249324
vn -0.629580 0.757488 -0.172746
vn -0.019759 0.552982 -0.832959
vn -0.032079 0.008590 -0.999448
vn -0.833257 0.003985 -0.552871
vn -0.754779 0.332663 -0.565370
vn -0.993608 0.001355 -0.112875
vn -0.999955 0.002330 -0.009201
vn -0.983936 0.178414 -0.006158
vn -0.982372 0.158706 -0.098783
vn 0.993611 -0.001355 -0.112855
vn 0.999955 -0.002330 -0.009200
vn 0.983937 -0.178412 -0.006158
vn 0.982378 -0.158676 -0.098773
vn 0.681755 -0.731489 -0.011560
vn 0.019530 -0.999593 -0.020782
vn 0.009672 -0.968365 -0.249352
vn 0.629502 -0.757546 -0.172776
vn 0.019758 -0.552981 -0.832959
vn 0.032079 -0.008590 -0.999448
vn 0.833218 -0.003986 -0.552930
vn 0.754679 -0.332755 -0.565450
vn 0.009673 0.968372 -0.249324
vn 0.187082 0.961962 -0.199074
vn 0.681717 0.731525 -0.011559
vn 0.629521 0.757535 -0.172754
vn 0.983936 0.178414 -0.006157
vn 0.999955 0.002330 -0.009200
vn 0.993611 0.001355 -0.112855
vn 0.982373 0.158702 -0.098780
vn 0.833219 0.003986 -0.552930
vn 0.032079 0.008590 -0.999448
vn 0.019760 0.552983 -0.832958
vn 0.754703 0.332740 -0.565427
vn 0.999955 -0.002329 0.009200
vn 0.983942 -0.178382 0.006157
vn 0.983942 -0.178382 -0.006157
vn 0.999955 -0.002329 -0.009200
vn 0.681749 -0.731495 0.011560
vn 0.019530 -0.999593 0.020783
vn 0.019530 -0.999593 -0.020782
vn 0.681752 -0.731492 -0.011560
vn 0.032102 -0.008597 0.999448
vn 0.833405 -0.003984 0.552649
vn 0.833405 0.003984 0.552648
vn 0.032102 0.008597 0.999448
vn 0.993610 -0.001355 0.112863
vn 0.999955 -0.002329 0.009200
vn 0.999955 0.002329 0.009200
vn 0.993610 0.001355 0.112863
vn 0.019530 -0.999593 0.020783
vn 0.009676 -0.968355 0.249390
vn -0.009675 -0.968355 0.249390
vn -0.019530 -0.999593 0.020783
vn 0.019759 -0.553284 0.832758
vn 0.032102 -0.008597 0.999448
vn -0.032102 -0.008597 0.999448
vn -0.019759 -0.553285 0.832758
vn 0.187104 0.961952 0.199098
vn 0.681714 0.731528 0.011559
vn 0.681718 0.731524 -0.011559
vn 0.187084 0.961961 -0.199074
vn 0.983942 0.178383 0.006157
vn 0.999955 0.002329 0.009200
vn 0.999955 0.002329 -0.009200
vn 0.983942 0.178383 -0.006158
vn 0.032102 0.008597 0.999448
vn 0.019760 0.553285 0.832758
vn -0.019760 0.553285 0.832758
vn -0.032102 0.008597 0.999448
vn 0.009676 0.968362 0.249363
vn 0.187104 0.961952 0.199098
vn -0.187105 0.961952 0.199099
vn -0.009676 0.968362 0.249363
vn -0.019530 -0.999593 0.020783
vn -0.681750 -0.731494 0.011559
vn -0.681752 -0.731492 -0.011560
vn -0.019530 -0.999593 -0.020782
vn -0.983942 -0.178382 0.006157
vn -0.999955 -0.002329 0.009198
vn -0.999955 -0.002329 -0.009198
vn -0.983942 -0.178383 -0.006157
vn -0.999955 -0.002329 0.009198
vn -0.993612 -0.001355 0.112843
vn -0.993612 0.001355 0.112843
vn -0.999955 0.002329 0.009198
vn -0.833405 -0.003984 0.552649
vn -0.032102 -0.008597 0.999448
vn -0.032102 0.008597 0.999448
vn -0.833405 0.003984 0.552649
vn -0.999955 0.002329 0.009198
vn -0.983942 0.178384 0.006157
vn -0.983942 0.178383 -0.006157
vn -0.999955 0.002329 -0.009198
vn -0.681715 0.731526 0.011559
vn -0.187105 0.961952 0.199099
vn -0.187084 0.961961 -0.199074
vn -0.681717 0.731524 -0.011559
vn -0.019530 -0.999593 -0.020782
vn -0.009672 -0.968365 -0.249352
vn 0.009672 -0.968365 -0.249352
vn 0.019530 -0.999593 -0.020782
vn -0.019759 -0.552981 -0.832960
vn -0.032079 -0.008590 -0.999448
vn 0.032079 -0.008590 -0.999448
vn 0.019759 -0.552981 -0.832959
vn -0.032079 -0.008590 -0.999448
vn -0.833219 -0.003985 -0.552930
vn -0.833218 0.003985 -0.552930
vn -0.032079 0.008590 -0.999448
vn -0.993613 -0.001355 -0.112835
vn -0.999955 -0.002329 -0.009198
vn -0.999955 0.002329 -0.009198
vn -0.993613 0.001355 -0.112835
vn -0.032079 0.008590 -0.999448
vn -0.019758 0.552981 -0.832959
vn 0.019758 0.552982 -0.832959
vn 0.032079 0.008590 -0.999448
vn -0.009673 0.968372 -0.249325
vn -0.187084 0.961961 -0.199074
vn 0.187084 0.961961 -0.199074
vn 0.009673 0.968372 -0.249325
vn 0.999955 -0.002329 -0.009200
vn 0.993611 -0.001355 -0.112855
vn 0.993611 0.001355 -0.112855
vn 0.999955 0.002329 -0.009200
vn 0.833219 -0.003985 -0.552930
vn 0.032079 -0.008590 -0.999448
vn 0.032079 0.008590 -0.999448
vn 0.833219 0.003985 -0.552930
vn 0.032102 -0.008597 0.999448
vn 0.032102 0.008597 0.999448
vn -0.032102 0.008597 0.999448
vn -0.032102 -0.008597 0.999448
vn -0.999955 -0.002329 0.009198
vn -0.999955 0.002329 0.009198
vn -0.999955 0.002329 -0.009198
vn -0.999955 -0.002329 -0.009198
vn -0.032079 -0.008590 -0.999448
vn -0.032079 0.008590 -0.999448
vn 0.032079 0.008590 -0.999448
vn 0.032079 -0.008590 -0.999448
vn 0.999955 -0.002329 -0.009200
vn 0.999955 0.002329 -0.009200
vn 0.999955 0.002329 0.009200
vn 0.999955 -0.002329 0.009200
vn 0.019530 -0.999593 -0.020782
vn 0.019530 -0.999593 0.020783
vn -0.019530 -0.999593 0.020783
vn -0.019530 -0.999593 -0.020782
vn 0.009676 -0.968355 0.249390
vn 0.019530 -0.999593 0.020783
vn 0.681749 -0.731495 0.011560
vn 0.629405 -0.757623 0.172789
vn 0.983942 -0.178382 0.006157
vn 0.999955 -0.002329 0.009200
vn 0.993610 -0.001355 0.112863
vn 0.982381 -0.158649 0.098782
vn 0.833405 -0.003984 0.552649
vn 0.032102 -0.008597 0.999448
vn 0.019759 -0.553284 0.832758
vn 0.754798 -0.332696 0.565326
vn 0.993610 0.001355 0.112863
vn 0.999955 0.002329 0.009200
vn 0.983942 0.178383 0.006157
vn 0.982381 0.158646 0.098784
vn 0.681714 0.731528 0.011559
vn 0.187104 0.961952 0.199098
vn 0.009676 0.968362 0.249363
vn 0.629424 0.757613 0.172768
vn 0.019760 0.553285 0.832758
vn 0.032102 0.008597 0.999448
vn 0.833405 0.003984 0.552648
vn 0.754822 0.332681 0.565303
vn -0.993612 -0.001355 0.112843
vn -0.999955 -0.002329 0.009198
vn -0.983942 -0.178382 0.006157
vn -0.982381 -0.158653 0.098772
vn -0.681750 -0.731494 0.011559
vn -0.019530 -0.999593 0.020783
vn -0.009675 -0.968355 0.249390
vn -0.629416 -0.757613 0.172792
vn -0.019759 -0.553285 0.832758
vn -0.032102 -0.008597 0.999448
vn -0.833405 -0.003984 0.552649
vn -0.754766 -0.332735 0.565345
vn -0.009676 0.968362 0.249363
vn -0.187105 0.961952 0.199099
vn -0.681715 0.731526 0.011559
vn -0.629441 0.757598 0.172771
vn -0.983942 0.178384 0.006157
vn -0.999955 0.002329 0.009198
vn -0.993612 0.001355 0.112843
vn -0.982380 0.158662 0.098776
vn -0.833405 0.003984 0.552649
vn -0.032102 0.008597 0.999448
vn -0.019760 0.553285 0.832758
vn -0.754790 0.332721 0.565322
vn -0.833219 -0.003985 -0.552930
vn -0.032079 -0.008590 -0.999448
vn -0.019759 -0.552981 -0.832960
vn -0.754722 -0.332677 -0.565439
vn -0.009672 -0.968365 -0.249352
vn -0.019530 -0.999593 -0.020782
vn -0.681752 -0.731492 -0.011560
vn -0.629463 -0.757581 -0.172765
vn -0.983942 -0.178383 -0.006157
vn -0.999955 -0.002329 -0.009198
vn -0.993613 -0.001355 -0.112835
vn -0.982380 -0.158667 -0.098764
vn -0.681717 0.731524 -0.011559
vn -0.187084 0.961961 -0.199074
vn -0.009673 0.968372 -0.249325
vn -0.629487 0.757565 -0.172746
vn -0.019758 0.552981 -0.832959
vn -0.032079 0.008590 -0.999448
vn -0.833218 0.003985 -0.552930
vn -0.754696 0.332691 -0.565465
vn -0.993613 0.001355 -0.112835
vn -0.999955 0.002329 -0.009198
vn -0.983942 0.178383 -0.006157
vn -0.982385 0.158646 -0.098750
vn 0.993611 -0.001355 -0.112855
vn 0.999955 -0.002329 -0.009200
vn 0.983942 -0.178382 -0.006157
vn 0.982381 -0.158656 -0.098774
vn 0.681752 -0.731492 -0.011560
vn 0.019530 -0.999593 -0.020782
vn 0.009672 -0.968365 -0.249352
vn 0.629457 -0.757586 -0.172764
vn 0.019759 -0.552981 -0.832959
vn 0.032079 -0.008590 -0.999448
vn 0.833219 -0.003985 -0.552930
vn 0.754718 -0.332690 -0.565436
vn 0.009673 0.968372 -0.249325
vn 0.187084 0.961961 -0.199074
vn 0.681718 0.731524 -0.011559
vn 0.629493 0.757560 -0.172746
vn 0.983942 0.178383 -0.006158
vn 0.999955 0.002329 -0.009200
vn 0.993611 0.001355 -0.112855
vn 0.982383 0.158650 -0.098765
vn 0.833219 0.003985 -0.552930
vn 0.032079 0.008590 -0.999448
vn 0.019758 0.552982 -0.832959
vn 0.754717 0.332689 -0.565438
vn 0.999955 -0.002329 0.009200
vn 0.983942 -0.178382 0.006158
vn 0.983942 -0.178382 -0.006158
vn 0.999955 -0.002329 -0.009200
vn 0.681749 -0.731495 0.011560
vn 0.019530 -0.999593 0.020783
vn 0.019530 -0.999593 -0.020782
vn 0.681752 -0.731492 -0.011559
vn 0.032102 -0.008597 0.999448
vn 0.833405 -0.003984 0.552649
vn 0.833405 0.003984 0.552649
vn 0.032102 0.008597 0.999448
vn 0.993609 -0.001355 0.112872
vn 0.999955 -0.002329 0.009200
vn 0.999955 0.002329 0.009200
vn 0.993609 0.001355 0.112872
vn 0.019530 -0.999593 0.020783
vn 0.009676 -0.968355 0.249390
vn -0.009676 -0.968355 0.249390
vn -0.019530 -0.999593 0.020783
vn 0.019760 -0.553284 0.832758
vn 0.032102 -0.008597 0.999448
vn -0.032102 -0.008597 0.999448
vn -0.019760 -0.553285 0.832758
vn 0.187103 0.961952 0.199099
vn 0.681711 0.731531 0.011559
vn 0.681715 0.731527 -0.011559
vn 0.187082 0.961961 -0.199074
vn 0.983942 0.178382 0.006158
vn 0.999955 0.002329 0.009200
vn 0.999955 0.002329 -0.009200
vn 0.983942 0.178383 -0.006157
vn 0.032102 0.008597 0.999448
vn 0.019759 0.553285 0.832758
vn -0.019759 0.553285 0.832758
vn -0.032102 0.008597 0.999448
vn 0.009676 0.968362 0.249363
vn 0.187103 0.961952 0.199099
vn -0.187103 0.961952 0.199099
vn -0.009676 0.968362 0.249363
vn -0.019530 -0.999593 0.020783
vn -0.681750 -0.731494 0.011560
vn -0.681752 -0.731492 -0.011560
vn -0.019530 -0.999593 -0.020782
vn -0.983942 -0.178382 0.006157
vn -0.999955 -0.002329 0.009198
vn -0.999955 -0.002329 -0.009198
vn -0.983942 -0.178383 -0.006157
vn -0.999955 -0.002329 0.009198
vn -0.993611 -0.001355 0.112852
vn -0.993611 0.001355 0.112852
vn -0.999955 0.002329 0.009198
vn -0.833405 -0.003984 0.552649
vn -0.032102 -0.008597 0.999448
vn -0.032102 0.008597 0.999448
vn -0.833405 0.003984 0.552649
vn -0.999955 0.002329 0.009198
vn -0.983942 0.178382 0.006157
vn -0.983942 0.178384 -0.006157
vn -0.999955 0.002329 -0.009198
vn -0.681712 0.731529 0.011559
vn -0.187103 0.961952 0.199099
vn -0.187083 0.961961 -0.199074
vn -0.681714 0.731527 -0.011559
vn -0.019530 -0.999593 -0.020782
vn -0.009673 -0.968365 -0.249352
vn 0.009672 -0.968365 -0.249352
vn 0.019530 -0.999593 -0.020782
vn -0.019758 -0.552981 -0.832960
vn -0.032079 -0.008590 -0.999448
vn 0.032079 -0.008590 -0.999448
vn 0.019758 -0.552981 -0.832959
vn -0.032079 -0.008590 -0.999448
vn -0.833219 -0.003985 -0.552930
vn -0.833219 0.003985 -0.552929
vn -0.032079 0.008590 -0.999448
vn -0.993613 -0.001355 -0.112835
vn -0.999955 -0.002329 -0.009198
vn -0.999955 0.002329 -0.009198
vn -0.993613 0.001355 -0.112835
vn -0.032079 0.008590 -0.999448
vn -0.019759 0.552981 -0.832959
vn 0.019760 0.552982 -0.832959
vn 0.032079 0.008590 -0.999448
vn -0.009673 0.968372 -0.249325
vn -0.187083 0.961961 -0.199074
vn 0.187082 0.961961 -0.199074
vn 0.009673 0.968372 -0.249325
vn 0.999955 -0.002329 -0.009200
vn 0.993611 -0.001355 -0.112855
vn 0.993611 0.001355 -0.112855
vn 0.999955 0.002329 -0.009200
vn 0.833218 -0.003985 -0.552930
vn 0.032079 -0.008590 -0.999448
vn 0.032079 0.008590 -0.999448
vn 0.833219 0.003985 -0.552930
vn 0.032102 -0.008597 0.999448
vn 0.032102 0.008597 0.999448
vn -0.032102 0.008597 0.999448
vn -0.032102 -0.008597 0.999448
vn -0.999955 -0.002329 0.009198
vn -0.999955 0.002329 0.009198
vn -0.999955 0.002329 -0.009198
vn -0.999955 -0.002329 -0.009198
vn -0.032079 -0.008590 -0.999448
vn -0.032079 0.008590 -0.999448
vn 0.032079 0.008590 -0.999448
vn 0.032079 -0.008590 -0.999448
vn 0.999955 -0.002329 -0.009200
vn 0.999955 0.002329 -0.009200
vn 0.999955 0.002329 0.009200
vn 0.999955 -0.002329 0.009200
vn 0.019530 -0.999593 -0.020782
vn 0.019530 -0.999593 0.020783
vn -0.019530 -0.999593 0.020783
vn -0.019530 -0.999593 -0.020782
vn 0.009676 -0.968355 0.249390
vn 0.019530 -0.999593 0.020783
vn 0.681749 -0.731495 0.011560
vn 0.629405 -0.757623 0.172789
vn 0.983942 -0.178382 0.006158
vn 0.999955 -0.002329 0.009200
vn 0.993609 -0.001355 0.112872
vn 0.982380 -0.158653 0.098785
vn 0.833405 -0.003984 0.552649
vn 0.032102 -0.008597 0.999448
vn 0.019760 -0.553284 0.832758
vn 0.754798 -0.332696 0.565326
vn 0.993609 0.001355 0.112872
vn 0.999955 0.002329 0.009200
vn 0.983942 0.178382 0.006158
vn 0.982381 0.158646 0.098784
vn 0.681711 0.731531 0.011559
vn 0.187103 0.961952 0.199099
vn 0.009676 0.968362 0.249363
vn 0.629424 0.757613 0.172768
vn 0.019759 0.553285 0.832758
vn 0.032102 0.008597 0.999448
vn 0.833405 0.003984 0.552649
vn 0.754773 0.332710 0.565352
vn -0.993611 -0.001355 0.112852
vn -0.999955 -0.002329 0.009198
vn -0.983942 -0.178382 0.006157
vn -0.982381 -0.158653 0.098772
vn -0.681750 -0.731494 0.011560
vn -0.019530 -0.999593 0.020783
vn -0.009676 -0.968355 0.249390
vn -0.629416 -0.757613 0.172792
vn -0.019760 -0.553285 0.832758
vn -0.032102 -0.008597 0.999448
vn -0.833405 -0.003984 0.552649
vn -0.754791 -0.332721 0.565321
vn -0.009676 0.968362 0.249363
vn -0.187103 0.961952 0.199099
vn -0.681712 0.731529 0.011559
vn -0.629441 0.757598 0.172771
vn -0.983942 0.178382 0.006157
vn -0.999955 0.002329 0.009198
vn -0.993611 0.001355 0.112852
vn -0.982382 0.158653 0.098771
vn -0.833405 0.003984 0.552649
vn -0.032102 0.008597 0.999448
vn -0.019759 0.553285 0.832758
vn -0.754790 0.332721 0.565322
vn -0.833219 -0.003985 -0.552930
vn -0.032079 -0.008590 -0.999448
vn -0.019758 -0.552981 -0.832960
vn -0.754722 -0.332677 -0.565439
vn -0.009673 -0.968365 -0.249352
vn -0.019530 -0.999593 -0.020782
vn -0.681752 -0.731492 -0.011560
vn -0.629463 -0.757581 -0.172765
vn -0.983942 -0.178383 -0.006157
vn -0.999955 -0.002329 -0.009198
vn -0.993613 -0.001355 -0.112835
vn -0.982381 -0.158663 -0.098761
vn -0.681714 0.731527 -0.011559
vn -0.187083 0.961961 -0.199074
vn -0.009673 0.968372 -0.249325
vn -0.629487 0.757565 -0.172746
vn -0.019759 0.552981 -0.832959
vn -0.032079 0.008590 -0.999448
vn -0.833219 0.003985 -0.552929
vn -0.754745 0.332662 -0.565416
vn -0.993613 0.001355 -0.112835
vn -0.999955 0.002329 -0.009198
vn -0.983942 0.178384 -0.006157
vn -0.982377 0.158680 -0.098771
vn 0.993611 -0.001355 -0.112855
vn 0.999955 -0.002329 -0.009200
vn 0.983942 -0.178382 -0.006158
vn 0.982381 -0.158656 -0.098774
vn 0.681752 -0.731492 -0.011559
vn 0.019530 -0.999593 -0.020782
vn 0.009672 -0.968365 -0.249352
vn 0.629457 -0.757586 -0.172764
vn 0.019758 -0.552981 -0.832959
vn 0.032079 -0.008590 -0.999448
vn 0.833218 -0.003985 -0.552930
vn 0.754694 -0.332704 -0.565461
vn 0.009673 0.968372 -0.249325
vn 0.187082 0.961961 -0.199074
vn 0.681715 0.731527 -0.011559
vn 0.629493 0.757560 -0.172746
vn 0.983942 0.178383 -0.006157
vn 0.999955 0.002329 -0.009200
vn 0.993611 0.001355 -0.112855
vn 0.982377 0.158675 -0.098781
vn 0.833219 0.003985 -0.552930
vn 0.032079 0.008590 -0.999448
vn 0.019760 0.552982 -0.832959
vn 0.754717 0.332689 -0.565438
vn 0.999955 -0.002329 0.009200
vn 0.983940 -0.178395 0.006157
vn 0.983940 -0.178396 -0.006157
vn 0.999955 -0.002329 -0.009200
vn 0.681774 -0.731472 0.011560
vn 0.019530 -0.999593 0.020783
vn 0.019530 -0.999593 -0.020782
vn 0.681776 -0.731469 -0.011560
vn 0.032102 -0.008597 0.999448
vn 0.833414 -0.003984 0.552634
vn 0.833415 0.003984 0.552634
vn 0.032102 0.008597 0.999448
vn 0.993610 -0.001355 0.112863
vn 0.999955 -0.002329 0.009200
vn 0.999955 0.002329 0.009200
vn 0.993610 0.001355 0.112863
vn 0.019530 -0.999593 0.020783
vn 0.009676 -0.968355 0.249390
vn -0.009675 -0.968355 0.249390
vn -0.019530 -0.999593 0.020783
vn 0.019759 -0.553284 0.832758
vn 0.032102 -0.008597 0.999448
vn -0.032102 -0.008597 0.999448
vn -0.019759 -0.553284 0.832758
vn 0.187107 0.961951 0.199101
vn 0.681739 0.731504 0.011559
vn 0.681742 0.731501 -0.011559
vn 0.187086 0.961960 -0.199076
vn 0.983939 0.178397 0.006157
vn 0.999955 0.002329 0.009200
vn 0.999955 0.002329 -0.009200
vn 0.983940 0.178395 -0.006157
vn 0.032102 0.008597 0.999448
vn 0.019760 0.553286 0.832757
vn -0.019760 0.553286 0.832757
vn -0.032102 0.008597 0.999448
vn 0.009676 0.968362 0.249362
vn 0.187107 0.961951 0.199101
vn -0.187110 0.961950 0.199103
vn -0.009676 0.968362 0.249363
vn -0.019530 -0.999593 0.020783
vn -0.681801 -0.731447 0.011559
vn -0.681803 -0.731444 -0.011559
vn -0.019530 -0.999593 -0.020782
vn -0.983940 -0.178395 0.006157
vn -0.999955 -0.002329 0.009200
vn -0.999955 -0.002329 -0.009200
vn -0.983940 -0.178395 -0.006157
vn -0.999955 -0.002329 0.009200
vn -0.993610 -0.001355 0.112863
vn -0.993610 0.001355 0.112863
vn -0.999955 0.002329 0.009200
vn -0.833433 -0.003984 0.552606
vn -0.032102 -0.008597 0.999448
vn -0.032102 0.008597 0.999448
vn -0.833434 0.003984 0.552605
vn -0.999955 0.002329 0.009200
vn -0.983939 0.178396 0.006157
vn -0.983940 0.178396 -0.006157
vn -0.999955 0.002329 -0.009200
vn -0.681766 0.731479 0.011559
vn -0.187110 0.961950 0.199103
vn -0.187089 0.961959 -0.199079
vn -0.681769 0.731476 -0.011559
vn -0.019530 -0.999593 -0.020782
vn -0.009672 -0.968365 -0.249352
vn 0.009673 -0.968365 -0.249352
vn 0.019530 -0.999593 -0.020782
vn -0.019759 -0.552981 -0.832960
vn -0.032079 -0.008590 -0.999448
vn 0.032079 -0.008590 -0.999448
vn 0.019759 -0.552981 -0.832960
vn -0.032079 -0.008590 -0.999448
vn -0.833247 -0.003985 -0.552886
vn -0.833247 0.003985 -0.552887
vn -0.032079 0.008590 -0.999448
vn -0.993611 -0.001355 -0.112855
vn -0.999955 -0.002329 -0.009200
vn -0.999955 0.002329 -0.009200
vn -0.993611 0.001355 -0.112855
vn -0.032079 0.008590 -0.999448
vn -0.019758 0.552982 -0.832959
vn 0.019758 0.552982 -0.832959
vn 0.032079 0.008590 -0.999448
vn -0.009673 0.968372 -0.249324
vn -0.187089 0.961959 -0.199079
vn 0.187086 0.961960 -0.199076
vn 0.009673 0.968372 -0.249324
vn 0.999955 -0.002329 -0.009200
vn 0.993611 -0.001355 -0.112855
vn 0.993611 0.001355 -0.112855
vn 0.999955 0.002329 -0.009200
vn 0.833228 -0.003985 -0.552915
vn 0.032079 -0.008590 -0.999448
vn 0.032079 0.008590 -0.999448
vn 0.833228 0.003985 -0.552915
vn 0.032102 -0.008597 0.999448
vn 0.032102 0.008597 0.999448
vn -0.032102 0.008597 0.999448
vn -0.032102 -0.008597 0.999448
vn -0.999955 -0.002329 0.009200
vn -0.999955 0.002329 0.009200
vn -0.999955 0.002329 -0.009200
vn -0.999955 -0.002329 -0.009200
vn -0.032079 -0.008590 -0.999448
vn -0.032079 0.008590 -0.999448
vn 0.032079 0.008590 -0.999448
vn 0.032079 -0.008590 -0.999448
vn 0.999955 -0.002329 -0.009200
vn 0.999955 0.002329 -0.009200
vn 0.999955 0.002329 0.009200
vn 0.999955 -0.002329 0.009200
vn 0.019530 -0.999593 -0.020782
vn 0.019530 -0.999593 0.020783
vn -0.019530 -0.999593 0.020783
vn -0.019530 -0.999593 -0.020782
vn 0.009676 -0.968355 0.249390
vn 0.019530 -0.999593 0.020783
vn 0.681774 -0.731472 0.011560
vn 0.629406 -0.757624 0.172782
vn 0.983940 -0.178395 0.006157
vn 0.999955 -0.002329 0.009200
vn 0.993610 -0.001355 0.112863
vn 0.982384 -0.158636 0.098776
vn 0.833414 -0.003984 0.552634
vn 0.032102 -0.008597 0.999448
vn 0.019759 -0.553284 0.832758
vn 0.754797 -0.332717 0.565315
vn 0.993610 0.001355 0.112863
vn 0.999955 0.002329 0.009200
vn 0.983939 0.178397 0.006157
vn 0.982383 0.158637 0.098778
vn 0.681739 0.731504 0.011559
vn 0.187107 0.961951 0.199101
vn 0.009676 0.968362 0.249362
vn 0.629436 0.757603 0.172764
vn 0.019760 0.553286 0.832757
vn 0.032102 0.008597 0.999448
vn 0.833415 0.003984 0.552634
vn 0.754822 0.332703 0.565289
vn -0.993610 -0.001355 0.112863
vn -0.999955 -0.002329 0.009200
vn -0.983940 -0.178395 0.006157
vn -0.982385 -0.158630 0.098773
vn -0.681801 -0.731447 0.011559
vn -0.019530 -0.999593 0.020783
vn -0.009675 -0.968355 0.249390
vn -0.629441 -0.757596 0.172779
vn -0.019759 -0.553284 0.832758
vn -0.032102 -0.008597 0.999448
vn -0.833433 -0.003984 0.552606
vn -0.754793 -0.332718 0.565320
vn -0.009676 0.968362 0.249363
vn -0.187110 0.961950 0.199103
vn -0.681766 0.731479 0.011559
vn -0.629468 0.757577 0.172761
vn -0.983939 0.178396 0.006157
vn -0.999955 0.002329 0.009200
vn -0.993610 0.001355 0.112863
vn -0.982384 0.158635 0.098777
vn -0.833434 0.003984 0.552605
vn -0.032102 0.008597 0.999448
vn -0.019760 0.553286 0.832757
vn -0.754818 0.332705 0.565293
vn -0.833247 -0.003985 -0.552886
vn -0.032079 -0.008590 -0.999448
vn -0.019759 -0.552981 -0.832960
vn -0.754743 -0.332679 -0.565410
vn -0.009672 -0.968365 -0.249352
vn -0.019530 -0.999593 -0.020782
vn -0.681803 -0.731444 -0.011559
vn -0.629496 -0.757556 -0.172755
vn -0.983940 -0.178395 -0.006157
vn -0.999955 -0.002329 -0.009200
vn -0.993611 -0.001355 -0.112855
vn -0.982384 -0.158641 -0.098764
vn -0.681769 0.731476 -0.011559
vn -0.187089 0.961959 -0.199079
vn -0.009673 0.968372 -0.249324
vn -0.629523 0.757537 -0.172736
vn -0.019758 0.552982 -0.832959
vn -0.032079 0.008590 -0.999448
vn -0.833247 0.003985 -0.552887
vn -0.754719 0.332694 -0.565432
vn -0.993611 0.001355 -0.112855
vn -0.999955 0.002329 -0.009200
vn -0.983940 0.178396 -0.006157
vn -0.982388 0.158626 -0.098750
vn 0.993611 -0.001355 -0.112855
vn 0.999955 -0.002329 -0.009200
vn 0.983940 -0.178396 -0.006157
vn 0.982384 -0.158643 -0.098768
vn 0.681776 -0.731469 -0.011560
vn 0.019530 -0.999593 -0.020782
vn 0.009673 -0.968365 -0.249352
vn 0.629458 -0.757587 -0.172758
vn 0.019759 -0.552981 -0.832960
vn 0.032079 -0.008590 -0.999448
vn 0.833228 -0.003985 -0.552915
vn 0.754722 -0.332692 -0.565429
vn 0.009673 0.968372 -0.249324
vn 0.187086 0.961960 -0.199076
vn 0.681742 0.731501 -0.011559
vn 0.629488 0.757566 -0.172739
vn 0.983940 0.178395 -0.006157
vn 0.999955 0.002329 -0.009200
vn 0.993611 0.001355 -0.112855
vn 0.982388 0.158624 -0.098759
vn 0.833228 0.003985 -0.552915
vn 0.032079 0.008590 -0.999448
vn 0.019758 0.552982 -0.832959
vn 0.754723 0.332692 -0.565428
vn 0.999955 -0.002329 0.009200
vn 0.983940 -0.178396 0.006157
vn 0.983940 -0.178396 -0.006157
vn 0.999955 -0.002329 -0.009200
vn 0.681774 -0.731472 0.011560
vn 0.019530 -0.999593 0.020783
vn 0.019530 -0.999593 -0.020782
vn 0.681776 -0.731469 -0.011560
vn 0.032102 -0.008597 0.999448
vn 0.833414 -0.003984 0.552634
vn 0.833414 0.003984 0.552635
vn 0.032102 0.008597 0.999448
vn 0.993609 -0.001355 0.112872
vn 0.999955 -0.002329 0.009200
vn 0.999955 0.002329 0.009200
vn 0.993609 0.001355 0.112872
vn 0.019530 -0.999593 0.020783
vn 0.009675 -0.968355 0.249390
vn -0.009675 -0.968355 0.249390
vn -0.019530 -0.999593 0.020783
vn 0.019760 -0.553284 0.832758
vn 0.032102 -0.008597 0.999448
vn -0.032102 -0.008597 0.999448
vn -0.019760 -0.553284 0.832758
vn 0.187105 0.961951 0.199101
vn 0.681736 0.731507 0.011559
vn 0.681739 0.731504 -0.011559
vn 0.187084 0.961961 -0.199076
vn 0.983940 0.178395 0.006157
vn 0.999955 0.002329 0.009200
vn 0.999955 0.002329 -0.009200
vn 0.983940 0.178396 -0.006157
vn 0.032102 0.008597 0.999448
vn 0.019759 0.553286 0.832757
vn -0.019759 0.553286 0.832757
vn -0.032102 0.008597 0.999448
vn 0.009676 0.968362 0.249362
vn 0.187105 0.961951 0.199101
vn -0.187107 0.961951 0.199103
vn -0.009676 0.968362 0.249363
vn -0.019530 -0.999593 0.020783
vn -0.681800 -0.731447 0.011559
vn -0.681803 -0.731444 -0.011560
vn -0.019530 -0.999593 -0.020782
vn -0.983940 -0.178395 0.006157
vn -0.999955 -0.002329 0.009200
vn -0.999955 -0.002329 -0.009199
vn -0.983940 -0.178395 -0.006157
vn -0.999955 -0.002329 0.009200
vn -0.993609 -0.001355 0.112872
vn -0.993609 0.001355 0.112872
vn -0.999955 0.002329 0.009200
vn -0.833434 -0.003984 0.552605
vn -0.032102 -0.008597 0.999448
vn -0.032102 0.008597 0.999448
vn -0.833434 0.003984 0.552605
vn -0.999955 0.002329 0.009200
vn -0.983940 0.178395 0.006157
vn -0.983939 0.178397 -0.006157
vn -0.999955 0.002329 -0.009200
vn -0.681763 0.731482 0.011559
vn -0.187107 0.961951 0.199103
vn -0.187087 0.961959 -0.199079
vn -0.681765 0.731480 -0.011559
vn -0.019530 -0.999593 -0.020782
vn -0.009672 -0.968365 -0.249352
vn 0.009672 -0.968365 -0.249352
vn 0.019530 -0.999593 -0.020782
vn -0.019758 -0.552981 -0.832959
vn -0.032079 -0.008590 -0.999448
vn 0.032079 -0.008590 -0.999448
vn 0.019758 -0.552981 -0.832960
vn -0.032079 -0.008590 -0.999448
vn -0.833247 -0.003985 -0.552886
vn -0.833248 0.003985 -0.552886
vn -0.032079 0.008590 -0.999448
vn -0.993611 -0.001355 -0.112855
vn -0.999955 -0.002329 -0.009199
vn -0.999955 0.002329 -0.009200
vn -0.993611 0.001355 -0.112855
vn -0.032079 0.008590 -0.999448
vn -0.019759 0.552983 -0.832959
vn 0.019760 0.552982 -0.832959
vn 0.032079 0.008590 -0.999448
vn -0.009673 0.968372 -0.249324
vn -0.187087 0.961959 -0.199079
vn 0.187084 0.961961 -0.199076
vn 0.009673 0.968372 -0.249324
vn 0.999955 -0.002329 -0.009200
vn 0.993611 -0.001355 -0.112855
vn 0.993611 0.001355 -0.112855
vn 0.999955 0.002329 -0.009200
vn 0.833228 -0.003985 -0.552916
vn 0.032079 -0.008590 -0.999448
vn 0.032079 0.008590 -0.999448
vn 0.833228 0.003985 -0.552915
vn 0.032102 -0.008597 0.999448
vn 0.032102 0.008597 0.999448
vn -0.032102 0.008597 0.999448
vn -0.032102 -0.008597 0.999448
vn -0.999955 -0.002329 0.009200
vn -0.999955 0.002329 0.009200
vn -0.999955 0.002329 -0.009200
vn -0.999955 -0.002329 -0.009199
vn -0.032079 -0.008590 -0.999448
vn -0.032079 0.008590 -0.999448
vn 0.032079 0.008590 -0.999448
vn 0.032079 -0.008590 -0.999448
vn 0.999955 -0.002329 -0.009200
vn 0.999955 0.002329 -0.009200
vn 0.999955 0.002329 0.009200
vn 0.999955 -0.002329 0.009200
vn 0.019530 -0.999593 -0.020782
vn 0.019530 -0.999593 0.020783
vn -0.019530 -0.999593 0.020783
vn -0.019530 -0.999593 -0.020782
vn 0.009675 -0.968355 0.249390
vn 0.019530 -0.999593 0.020783
vn 0.681774 -0.731472 0.011560
vn 0.629406 -0.757624 0.172782
vn 0.983940 -0.178396 0.006157
vn 0.999955 -0.002329 0.009200
vn 0.993609 -0.001355 0.112872
vn 0.982383 -0.158640 0.098779
vn 0.833414 -0.003984 0.552634
vn 0.032102 -0.008597 0.999448
vn 0.019760 -0.553284 0.832758
vn 0.754797 -0.332717 0.565315
vn 0.993609 0.001355 0.112872
vn 0.999955 0.002329 0.009200
vn 0.983940 0.178395 0.006157
vn 0.982383 0.158637 0.098778
vn 0.681736 0.731507 0.011559
vn 0.187105 0.961951 0.199101
vn 0.009676 0.968362 0.249362
vn 0.629436 0.757603 0.172764
vn 0.019759 0.553286 0.832757
vn 0.032102 0.008597 0.999448
vn 0.833414 0.003984 0.552635
vn 0.754773 0.332731 0.565338
vn -0.993609 -0.001355 0.112872
vn -0.999955 -0.002329 0.009200
vn -0.983940 -0.178395 0.006157
vn -0.982385 -0.158630 0.098773
vn -0.681800 -0.731447 0.011559
vn -0.019530 -0.999593 0.020783
vn -0.009675 -0.968355 0.249390
vn -0.629441 -0.757596 0.172779
vn -0.019760 -0.553284 0.832758
vn -0.032102 -0.008597 0.999448
vn -0.833434 -0.003984 0.552605
vn -0.754817 -0.332704 0.565296
vn -0.009676 0.968362 0.249363
vn -0.187107 0.961951 0.199103
vn -0.681763 0.731482 0.011559
vn -0.629468 0.757577 0.172761
vn -0.983940 0.178395 0.006157
vn -0.999955 0.002329 0.009200
vn -0.993609 0.001355 0.112872
vn -0.982386 0.158627 0.098772
vn -0.833434 0.003984 0.552605
vn -0.032102 0.008597 0.999448
vn -0.019759 0.553286 0.832757
vn -0.754818 0.332705 0.565294
vn -0.833247 -0.003985 -0.552886
vn -0.032079 -0.008590 -0.999448
vn -0.019758 -0.552981 -0.832959
vn -0.754743 -0.332679 -0.565410
vn -0.009672 -0.968365 -0.249352
vn -0.019530 -0.999593 -0.020782
vn -0.681803 -0.731444 -0.011560
vn -0.629496 -0.757556 -0.172755
vn -0.983940 -0.178395 -0.006157
vn -0.999955 -0.002329 -0.009199
vn -0.993611 -0.001355 -0.112855
vn -0.982385 -0.158636 -0.098762
vn -0.681765 0.731480 -0.011559
vn -0.187087 0.961959 -0.199079
vn -0.009673 0.968372 -0.249324
vn -0.629523 0.757537 -0.172736
vn -0.019759 0.552983 -0.832959
vn -0.032079 0.008590 -0.999448
vn -0.833248 0.003985 -0.552886
vn -0.754768 0.332665 -0.565384
vn -0.993611 0.001355 -0.112855
vn -0.999955 0.002329 -0.009200
vn -0.983939 0.178397 -0.006157
vn -0.982380 0.158660 -0.098772
vn 0.993611 -0.001355 -0.112855
vn 0.999955 -0.002329 -0.009200
vn 0.983940 -0.178396 -0.006157
vn 0.982384 -0.158643 -0.098768
vn 0.681776 -0.731469 -0.011560
vn 0.019530 -0.999593 -0.020782
vn 0.009672 -0.968365 -0.249352
vn 0.629458 -0.757587 -0.172758
vn 0.019758 -0.552981 -0.832960
vn 0.032079 -0.008590 -0.999448
vn 0.833228 -0.003985 -0.552916
vn 0.754698 -0.332706 -0.565454
vn 0.009673 0.968372 -0.249324
vn 0.187084 0.961961 -0.199076
vn 0.681739 0.731504 -0.011559
vn 0.629488 0.757566 -0.172739
vn 0.983940 0.178396 -0.006157
vn 0.999955 0.002329 -0.009200
vn 0.993611 0.001355 -0.112855
vn 0.982382 0.158649 -0.098775
vn 0.833228 0.003985 -0.552915
vn 0.032079 0.008590 -0.999448
vn 0.019760 0.552982 -0.832959
vn 0.754723 0.332692 -0.565428
s off
g polySurface162
usemtl sChurch_GR:phong7SG
f 2/1/1 1/2/2 37/3/3 42/4/4
f 1/5/5 6/6/6 38/7/7 37/8/8
f 4/9/9 3/10/10 11/11/11 10/12/12
f 3/13/13 2/1/14 12/14/15 11/15/16
f 6/6/17 5/16/18 15/17/19 14/18/20
f 5/16/21 4/9/22 16/19/23 15/17/24
f 8/20/25 7/21/26 43/22/27 48/23/28
f 7/24/29 12/14/30 44/25/31 43/26/32
f 10/12/33 9/27/34 23/28/35 22/29/36
f 9/27/37 8/20/38 24/30/39 23/28/40
f 14/18/41 13/31/42 27/32/43 26/33/44
f 13/34/45 18/35/46 28/36/47 27/37/48
f 18/35/49 17/38/50 21/39/51 20/40/52
f 17/38/53 16/19/54 22/29/55 21/39/56
f 20/40/57 19/41/58 35/42/59 34/43/60
f 19/44/61 24/30/62 36/45/63 35/46/64
f 26/33/65 25/47/66 39/48/67 38/7/68
f 25/49/69 30/50/70 40/51/71 39/52/72
f 30/50/73 29/53/74 33/54/75 32/55/76
f 29/53/77 28/36/78 34/43/79 33/54/80
f 32/55/81 31/56/82 47/57/83 46/58/84
f 31/59/85 36/45/86 48/23/87 47/60/88
f 42/4/89 41/61/90 45/62/91 44/25/92
f 41/61/93 40/51/94 46/58/95 45/62/96
f 4/9/97 10/12/98 22/29/99 16/19/100
f 18/35/101 20/40/102 34/43/103 28/36/104
f 30/50/105 32/55/106 46/58/107 40/51/108
f 42/4/109 44/25/110 12/14/111 2/1/112
f 38/7/113 6/6/114 14/18/115 26/33/116
f 5/16/117 6/6/118 1/5/119 49/63/120
f 1/2/121 2/1/122 3/13/123 49/64/124
f 3/10/125 4/9/126 5/16/127 49/63/128
f 11/15/129 12/14/130 7/24/131 50/65/132
f 7/21/133 8/20/134 9/27/135 50/66/136
f 9/27/137 10/12/138 11/11/139 50/66/140
f 17/38/141 18/35/142 13/34/143 51/67/144
f 13/31/145 14/18/146 15/17/147 51/67/148
f 15/17/149 16/19/150 17/38/151 51/67/152
f 23/28/153 24/30/154 19/44/155 52/68/156
f 19/41/157 20/40/158 21/39/159 52/68/160
f 21/39/161 22/29/162 23/28/163 52/68/164
f 29/53/165 30/50/166 25/49/167 53/69/168
f 25/47/169 26/33/170 27/32/171 53/70/172
f 27/37/173 28/36/174 29/53/175 53/69/176
f 35/46/177 36/45/178 31/59/179 54/71/180
f 31/56/181 32/55/182 33/54/183 54/72/184
f 33/54/185 34/43/186 35/42/187 54/72/188
f 41/61/189 42/4/190 37/3/191 55/73/192
f 37/8/193 38/7/194 39/48/195 55/74/196
f 39/52/197 40/51/198 41/61/199 55/73/200
f 47/60/201 48/23/202 43/22/203 56/75/204
f 43/26/205 44/25/206 45/62/207 56/76/208
f 45/62/209 46/58/210 47/57/211 56/76/212
f 58/77/213 57/78/214 93/79/215 98/80/216
f 57/81/217 62/82/218 94/83/219 93/84/220
f 60/85/221 59/86/222 67/87/223 66/88/224
f 59/89/225 58/77/226 68/90/227 67/91/228
f 62/82/229 61/92/230 71/93/231 70/94/232
f 61/92/233 60/85/234 72/95/235 71/93/236
f 64/96/237 63/97/238 99/98/239 104/99/240
f 63/100/241 68/90/242 100/101/243 99/102/244
f 66/88/245 65/103/246 79/104/247 78/105/248
f 65/103/249 64/96/250 80/106/251 79/104/252
f 70/94/253 69/107/254 83/108/255 82/109/256
f 69/110/257 74/111/258 84/112/259 83/113/260
f 74/111/261 73/114/262 77/115/263 76/116/264
f 73/114/265 72/95/266 78/105/267 77/115/268
f 76/116/269 75/117/270 91/118/271 90/119/272
f 75/120/273 80/106/274 92/121/275 91/122/276
f 82/109/277 81/123/278 95/124/279 94/83/280
f 81/125/281 86/126/282 96/127/283 95/128/284
f 86/126/285 85/129/286 89/130/287 88/131/288
f 85/129/289 84/112/290 90/119/291 89/130/292
f 88/131/293 87/132/294 103/133/295 102/134/296
f 87/135/297 92/121/298 104/99/299 103/136/300
f 98/80/301 97/137/302 101/138/303 100/101/304
f 97/137/305 96/127/306 102/134/307 101/138/308
f 60/85/309 66/88/310 78/105/311 72/95/312
f 74/111/313 76/116/314 90/119/315 84/112/316
f 86/126/317 88/131/318 102/134/319 96/127/320
f 98/80/321 100/101/322 68/90/323 58/77/324
f 64/96/325 104/99/326 92/121/327 80/106/328
f 94/83/329 62/82/330 70/94/331 82/109/332
f 61/92/333 62/82/334 57/81/335 105/139/336
f 57/78/337 58/77/338 59/89/339 105/140/340
f 59/86/341 60/85/342 61/92/343 105/139/344
f 67/91/345 68/90/346 63/100/347 106/141/348
f 63/97/349 64/96/350 65/103/351 106/142/352
f 65/103/353 66/88/354 67/87/355 106/142/356
f 73/114/357 74/111/358 69/110/359 107/143/360
f 69/107/361 70/94/362 71/93/363 107/143/364
f 71/93/365 72/95/366 73/114/367 107/143/368
f 79/104/369 80/106/370 75/120/371 108/144/372
f 75/117/373 76/116/374 77/115/375 108/144/376
f 77/115/377 78/105/378 79/104/379 108/144/380
f 85/129/381 86/126/382 81/125/383 109/145/384
f 81/123/385 82/109/386 83/108/387 109/146/388
f 83/113/389 84/112/390 85/129/391 109/145/392
f 91/122/393 92/121/394 87/135/395 110/147/396
f 87/132/397 88/131/398 89/130/399 110/148/400
f 89/130/401 90/119/402 91/118/403 110/148/404
f 97/137/405 98/80/406 93/79/407 111/149/408
f 93/84/409 94/83/410 95/124/411 111/150/412
f 95/128/413 96/127/414 97/137/415 111/149/416
f 103/136/417 104/99/418 99/98/419 112/151/420
f 99/102/421 100/101/422 101/138/423 112/152/424
f 101/138/425 102/134/426 103/133/427 112/152/428
f 114/153/429 113/154/430 149/155/431 154/156/432
f 113/157/433 118/158/434 150/159/435 149/160/436
f 116/161/437 115/162/438 123/163/439 122/164/440
f 115/165/441 114/153/442 124/166/443 123/167/444
f 118/158/445 117/168/446 127/169/447 126/170/448
f 117/168/449 116/161/450 128/171/451 127/169/452
f 120/172/453 119/173/454 155/174/455 160/175/456
f 119/176/457 124/166/458 156/177/459 155/178/460
f 122/164/461 121/179/462 135/180/463 134/181/464
f 121/179/465 120/172/466 136/182/467 135/180/468
f 126/170/469 125/183/470 139/184/471 138/185/472
f 125/186/473 130/187/474 140/188/475 139/189/476
f 130/187/477 129/190/478 133/191/479 132/192/480
f 129/190/481 128/171/482 134/181/483 133/191/484
f 132/192/485 131/193/486 147/194/487 146/195/488
f 131/196/489 136/182/490 148/197/491 147/198/492
f 138/185/493 137/199/494 151/200/495 150/159/496
f 137/201/497 142/202/498 152/203/499 151/204/500
f 142/202/501 141/205/502 145/206/503 144/207/504
f 141/205/505 140/188/506 146/195/507 145/206/508
f 144/207/509 143/208/510 159/209/511 158/210/512
f 143/211/513 148/197/514 160/175/515 159/212/516
f 154/156/517 153/213/518 157/214/519 156/177/520
f 153/213/521 152/203/522 158/210/523 157/214/524
f 116/161/525 122/164/526 134/181/527 128/171/528
f 130/187/529 132/192/530 146/195/531 140/188/532
f 142/202/533 144/207/534 158/210/535 152/203/536
f 154/156/537 156/177/538 124/166/539 114/153/540
f 120/172/541 160/175/542 148/197/543 136/182/544
f 150/159/545 118/158/546 126/170/547 138/185/548
f 117/168/549 118/158/550 113/157/551 161/215/552
f 113/154/553 114/153/554 115/165/555 161/216/556
f 115/162/557 116/161/558 117/168/559 161/215/560
f 123/167/561 124/166/562 119/176/563 162/217/564
f 119/173/565 120/172/566 121/179/567 162/218/568
f 121/179/569 122/164/570 123/163/571 162/218/572
f 129/190/573 130/187/574 125/186/575 163/219/576
f 125/183/577 126/170/578 127/169/579 163/219/580
f 127/169/581 128/171/582 129/190/583 163/219/584
f 135/180/585 136/182/586 131/196/587 164/220/588
f 131/193/589 132/192/590 133/191/591 164/220/592
f 133/191/593 134/181/594 135/180/595 164/220/596
f 141/205/597 142/202/598 137/201/599 165/221/600
f 137/199/601 138/185/602 139/184/603 165/222/604
f 139/189/605 140/188/606 141/205/607 165/221/608
f 147/198/609 148/197/610 143/211/611 166/223/612
f 143/208/613 144/207/614 145/206/615 166/224/616
f 145/206/617 146/195/618 147/194/619 166/224/620
f 153/213/621 154/156/622 149/155/623 167/225/624
f 149/160/625 150/159/626 151/200/627 167/226/628
f 151/204/629 152/203/630 153/213/631 167/225/632
f 159/212/633 160/175/634 155/174/635 168/227/636
f 155/178/637 156/177/638 157/214/639 168/228/640
f 157/214/641 158/210/642 159/209/643 168/228/644
f 170/229/645 169/230/646 205/231/647 210/232/648
f 169/233/649 174/234/650 206/235/651 205/236/652
f 172/237/653 171/238/654 179/239/655 178/240/656
f 171/241/657 170/229/658 180/242/659 179/243/660
f 174/234/661 173/244/662 183/245/663 182/246/664
f 173/244/665 172/237/666 184/247/667 183/245/668
f 176/248/669 175/249/670 211/250/671 216/251/672
f 175/252/673 180/242/674 212/253/675 211/254/676
f 178/240/677 177/255/678 191/256/679 190/257/680
f 177/255/681 176/248/682 192/258/683 191/256/684
f 182/246/685 181/259/686 195/260/687 194/261/688
f 181/262/689 186/263/690 196/264/691 195/265/692
f 186/263/693 185/266/694 189/267/695 188/268/696
f 185/266/697 184/247/698 190/257/699 189/267/700
f 188/268/701 187/269/702 203/270/703 202/271/704
f 187/272/705 192/258/706 204/273/707 203/274/708
f 194/261/709 193/275/710 207/276/711 206/235/712
f 193/277/713 198/278/714 208/279/715 207/280/716
f 198/278/717 197/281/718 201/282/719 200/283/720
f 197/281/721 196/264/722 202/271/723 201/282/724
f 200/283/725 199/284/726 215/285/727 214/286/728
f 199/287/729 204/273/730 216/251/731 215/288/732
f 210/232/733 209/289/734 213/290/735 212/253/736
f 209/289/737 208/279/738 214/286/739 213/290/740
f 172/237/741 178/240/742 190/257/743 184/247/744
f 186/263/745 188/268/746 202/271/747 196/264/748
f 198/278/749 200/283/750 214/286/751 208/279/752
f 210/232/753 212/253/754 180/242/755 170/229/756
f 176/248/757 216/251/758 204/273/759 192/258/760
f 206/235/761 174/234/762 182/246/763 194/261/764
f 173/244/765 174/234/766 169/233/767 217/291/768
f 169/230/769 170/229/770 171/241/771 217/292/772
f 171/238/773 172/237/774 173/244/775 217/291/776
f 179/243/777 180/242/778 175/252/779 218/293/780
f 175/249/781 176/248/782 177/255/783 218/294/784
f 177/255/785 178/240/786 179/239/787 218/294/788
f 185/266/789 186/263/790 181/262/791 219/295/792
f 181/259/793 182/246/794 183/245/795 219/295/796
f 183/245/797 184/247/798 185/266/799 219/295/800
f 191/256/801 192/258/802 187/272/803 220/296/804
f 187/269/805 188/268/806 189/267/807 220/296/808
f 189/267/809 190/257/810 191/256/811 220/296/812
f 197/281/813 198/278/814 193/277/815 221/297/816
f 193/275/817 194/261/818 195/260/819 221/298/820
f 195/265/821 196/264/822 197/281/823 221/297/824
f 203/274/825 204/273/826 199/287/827 222/299/828
f 199/284/829 200/283/830 201/282/831 222/300/832
f 201/282/833 202/271/834 203/270/835 222/300/836
f 209/289/837 210/232/838 205/231/839 223/301/840
f 205/236/841 206/235/842 207/276/843 223/302/844
f 207/280/845 208/279/846 209/289/847 223/301/848
f 215/288/849 216/251/850 211/250/851 224/303/852
f 211/254/853 212/253/854 213/290/855 224/304/856
f 213/290/857 214/286/858 215/285/859 224/304/860
f 226/305/861 225/306/862 261/307/863 266/308/864
f 225/309/865 230/310/866 262/311/867 261/312/868
f 228/313/869 227/314/870 235/315/871 234/316/872
f 227/317/873 226/305/874 236/318/875 235/319/876
f 230/310/877 229/320/878 239/321/879 238/322/880
f 229/320/881 228/313/882 240/323/883 239/321/884
f 232/324/885 231/325/886 267/326/887 272/327/888
f 231/328/889 236/318/890 268/329/891 267/330/892
f 234/316/893 233/331/894 247/332/895 246/333/896
f 233/331/897 232/324/898 248/334/899 247/332/900
f 238/322/901 237/335/902 251/336/903 250/337/904
f 237/338/905 242/339/906 252/340/907 251/341/908
f 242/339/909 241/342/910 245/343/911 244/344/912
f 241/342/913 240/323/914 246/333/915 245/343/916
f 244/344/917 243/345/918 259/346/919 258/347/920
f 243/348/921 248/334/922 260/349/923 259/350/924
f 250/337/925 249/351/926 263/352/927 262/311/928
f 249/353/929 254/354/930 264/355/931 263/356/932
f 254/354/933 253/357/934 257/358/935 256/359/936
f 253/357/937 252/340/938 258/347/939 257/358/940
f 256/359/941 255/360/942 271/361/943 270/362/944
f 255/363/945 260/349/946 272/327/947 271/364/948
f 266/308/949 265/365/950 269/366/951 268/329/952
f 265/365/953 264/355/954 270/362/955 269/366/956
f 228/313/957 234/316/958 246/333/959 240/323/960
f 242/339/961 244/344/962 258/347/963 252/340/964
f 254/354/965 256/359/966 270/362/967 264/355/968
f 266/308/969 268/329/970 236/318/971 226/305/972
f 232/324/973 272/327/974 260/349/975 248/334/976
f 262/311/977 230/310/978 238/322/979 250/337/980
f 229/320/981 230/310/982 225/309/983 273/367/984
f 225/306/985 226/305/986 227/317/987 273/368/988
f 227/314/989 228/313/990 229/320/991 273/367/992
f 235/319/993 236/318/994 231/328/995 274/369/996
f 231/325/997 232/324/998 233/331/999 274/370/1000
f 233/331/1001 234/316/1002 235/315/1003 274/370/1004
f 241/342/1005 242/339/1006 237/338/1007 275/371/1008
f 237/335/1009 238/322/1010 239/321/1011 275/371/1012
f 239/321/1013 240/323/1014 241/342/1015 275/371/1016
f 247/332/1017 248/334/1018 243/348/1019 276/372/1020
f 243/345/1021 244/344/1022 245/343/1023 276/372/1024
f 245/343/1025 246/333/1026 247/332/1027 276/372/1028
f 253/357/1029 254/354/1030 249/353/1031 277/373/1032
f 249/351/1033 250/337/1034 251/336/1035 277/374/1036
f 251/341/1037 252/340/1038 253/357/1039 277/373/1040
f 259/350/1041 260/349/1042 255/363/1043 278/375/1044
f 255/360/1045 256/359/1046 257/358/1047 278/376/1048
f 257/358/1049 258/347/1050 259/346/1051 278/376/1052
f 265/365/1053 266/308/1054 261/307/1055 279/377/1056
f 261/312/1057 262/311/1058 263/352/1059 279/378/1060
f 263/356/1061 264/355/1062 265/365/1063 279/377/1064
f 271/364/1065 272/327/1066 267/326/1067 280/379/1068
f 267/330/1069 268/329/1070 269/366/1071 280/380/1072
f 269/366/1073 270/362/1074 271/361/1075 280/380/1076
f 282/381/1077 281/382/1078 317/383/1079 322/384/1080
f 281/385/1081 286/386/1082 318/387/1083 317/388/1084
f 284/389/1085 283/390/1086 291/391/1087 290/392/1088
f 283/393/1089 282/381/1090 292/394/1091 291/395/1092
f 286/386/1093 285/396/1094 295/397/1095 294/398/1096
f 285/396/1097 284/389/1098 296/399/1099 295/397/1100
f 288/400/1101 287/401/1102 323/402/1103 328/403/1104
f 287/404/1105 292/394/1106 324/405/1107 323/406/1108
f 290/392/1109 289/407/1110 303/408/1111 302/409/1112
f 289/407/1113 288/400/1114 304/410/1115 303/408/1116
f 294/398/1117 293/411/1118 307/412/1119 306/413/1120
f 293/414/1121 298/415/1122 308/416/1123 307/417/1124
f 298/415/1125 297/418/1126 301/419/1127 300/420/1128
f 297/418/1129 296/399/1130 302/409/1131 301/419/1132
f 300/420/1133 299/421/1134 315/422/1135 314/423/1136
f 299/424/1137 304/410/1138 316/425/1139 315/426/1140
f 306/413/1141 305/427/1142 319/428/1143 318/387/1144
f 305/429/1145 310/430/1146 320/431/1147 319/432/1148
f 310/430/1149 309/433/1150 313/434/1151 312/435/1152
f 309/433/1153 308/416/1154 314/423/1155 313/434/1156
f 312/435/1157 311/436/1158 327/437/1159 326/438/1160
f 311/439/1161 316/425/1162 328/403/1163 327/440/1164
f 322/384/1165 321/441/1166 325/442/1167 324/405/1168
f 321/441/1169 320/431/1170 326/438/1171 325/442/1172
f 284/389/1173 290/392/1174 302/409/1175 296/399/1176
f 298/415/1177 300/420/1178 314/423/1179 308/416/1180
f 310/430/1181 312/435/1182 326/438/1183 320/431/1184
f 322/384/1185 324/405/1186 292/394/1187 282/381/1188
f 288/400/1189 328/403/1190 316/425/1191 304/410/1192
f 318/387/1193 286/386/1194 294/398/1195 306/413/1196
f 285/396/1197 286/386/1198 281/385/1199 329/443/1200
f 281/382/1201 282/381/1202 283/393/1203 329/444/1204
f 283/390/1205 284/389/1206 285/396/1207 329/443/1208
f 291/395/1209 292/394/1210 287/404/1211 330/445/1212
f 287/401/1213 288/400/1214 289/407/1215 330/446/1216
f 289/407/1217 290/392/1218 291/391/1219 330/446/1220
f 297/418/1221 298/415/1222 293/414/1223 331/447/1224
f 293/411/1225 294/398/1226 295/397/1227 331/447/1228
f 295/397/1229 296/399/1230 297/418/1231 331/447/1232
f 303/408/1233 304/410/1234 299/424/1235 332/448/1236
f 299/421/1237 300/420/1238 301/419/1239 332/448/1240
f 301/419/1241 302/409/1242 303/408/1243 332/448/1244
f 309/433/1245 310/430/1246 305/429/1247 333/449/1248
f 305/427/1249 306/413/1250 307/412/1251 333/450/1252
f 307/417/1253 308/416/1254 309/433/1255 333/449/1256
f 315/426/1257 316/425/1258 311/439/1259 334/451/1260
f 311/436/1261 312/435/1262 313/434/1263 334/452/1264
f 313/434/1265 314/423/1266 315/422/1267 334/452/1268
f 321/441/1269 322/384/1270 317/383/1271 335/453/1272
f 317/388/1273 318/387/1274 319/428/1275 335/454/1276
f 319/432/1277 320/431/1278 321/441/1279 335/453/1280
f 327/440/1281 328/403/1282 323/402/1283 336/455/1284
f 323/406/1285 324/405/1286 325/442/1287 336/456/1288
f 325/442/1289 326/438/1290 327/437/1291 336/456/1292
f 338/457/1293 337/458/1294 373/459/1295 378/460/1296
f 337/461/1297 342/462/1298 374/463/1299 373/464/1300
f 340/465/1301 339/466/1302 347/467/1303 346/468/1304
f 339/469/1305 338/457/1306 348/470/1307 347/471/1308
f 342/462/1309 341/472/1310 351/473/1311 350/474/1312
f 341/472/1313 340/465/1314 352/475/1315 351/473/1316
f 344/476/1317 343/477/1318 379/478/1319 384/479/1320
f 343/480/1321 348/470/1322 380/481/1323 379/482/1324
f 346/468/1325 345/483/1326 359/484/1327 358/485/1328
f 345/483/1329 344/476/1330 360/486/1331 359/484/1332
f 350/474/1333 349/487/1334 363/488/1335 362/489/1336
f 349/490/1337 354/491/1338 364/492/1339 363/493/1340
f 354/491/1341 353/494/1342 357/495/1343 356/496/1344
f 353/494/1345 352/475/1346 358/485/1347 357/495/1348
f 356/496/1349 355/497/1350 371/498/1351 370/499/1352
f 355/500/1353 360/486/1354 372/501/1355 371/502/1356
f 362/489/1357 361/503/1358 375/504/1359 374/463/1360
f 361/505/1361 366/506/1362 376/507/1363 375/508/1364
f 366/506/1365 365/509/1366 369/510/1367 368/511/1368
f 365/509/1369 364/492/1370 370/499/1371 369/510/1372
f 368/511/1373 367/512/1374 383/513/1375 382/514/1376
f 367/515/1377 372/501/1378 384/479/1379 383/516/1380
f 378/460/1381 377/517/1382 381/518/1383 380/481/1384
f 377/517/1385 376/507/1386 382/514/1387 381/518/1388
f 340/465/1389 346/468/1390 358/485/1391 352/475/1392
f 354/491/1393 356/496/1394 370/499/1395 364/492/1396
f 366/506/1397 368/511/1398 382/514/1399 376/507/1400
f 378/460/1401 380/481/1402 348/470/1403 338/457/1404
f 344/476/1405 384/479/1406 372/501/1407 360/486/1408
f 374/463/1409 342/462/1410 350/474/1411 362/489/1412
f 341/472/1413 342/462/1414 337/461/1415 385/519/1416
f 337/458/1417 338/457/1418 339/469/1419 385/520/1420
f 339/466/1421 340/465/1422 341/472/1423 385/519/1424
f 347/471/1425 348/470/1426 343/480/1427 386/521/1428
f 343/477/1429 344/476/1430 345/483/1431 386/522/1432
f 345/483/1433 346/468/1434 347/467/1435 386/522/1436
f 353/494/1437 354/491/1438 349/490/1439 387/523/1440
f 349/487/1441 350/474/1442 351/473/1443 387/523/1444
f 351/473/1445 352/475/1446 353/494/1447 387/523/1448
f 359/484/1449 360/486/1450 355/500/1451 388/524/1452
f 355/497/1453 356/496/1454 357/495/1455 388/524/1456
f 357/495/1457 358/485/1458 359/484/1459 388/524/1460
f 365/509/1461 366/506/1462 361/505/1463 389/525/1464
f 361/503/1465 362/489/1466 363/488/1467 389/526/1468
f 363/493/1469 364/492/1470 365/509/1471 389/525/1472
f 371/502/1473 372/501/1474 367/515/1475 390/527/1476
f 367/512/1477 368/511/1478 369/510/1479 390/528/1480
f 369/510/1481 370/499/1482 371/498/1483 390/528/1484
f 377/517/1485 378/460/1486 373/459/1487 391/529/1488
f 373/464/1489 374/463/1490 375/504/1491 391/530/1492
f 375/508/1493 376/507/1494 377/517/1495 391/529/1496
f 383/516/1497 384/479/1498 379/478/1499 392/531/1500
f 379/482/1501 380/481/1502 381/518/1503 392/532/1504
f 381/518/1505 382/514/1506 383/513/1507 392/532/1508
f 394/533/1509 393/534/1510 429/535/1511 434/536/1512
f 393/537/1513 398/538/1514 430/539/1515 429/540/1516
f 396/541/1517 395/542/1518 403/543/1519 402/544/1520
f 395/545/1521 394/533/1522 404/546/1523 403/547/1524
f 398/538/1525 397/548/1526 407/549/1527 406/550/1528
f 397/548/1529 396/541/1530 408/551/1531 407/549/1532
f 400/552/1533 399/553/1534 435/554/1535 440/555/1536
f 399/556/1537 404/546/1538 436/557/1539 435/558/1540
f 402/544/1541 401/559/1542 415/560/1543 414/561/1544
f 401/559/1545 400/552/1546 416/562/1547 415/560/1548
f 406/550/1549 405/563/1550 419/564/1551 418/565/1552
f 405/566/1553 410/567/1554 420/568/1555 419/569/1556
f 410/567/1557 409/570/1558 413/571/1559 412/572/1560
f 409/570/1561 408/551/1562 414/561/1563 413/571/1564
f 412/572/1565 411/573/1566 427/574/1567 426/575/1568
f 411/576/1569 416/562/1570 428/577/1571 427/578/1572
f 418/565/1573 417/579/1574 431/580/1575 430/539/1576
f 417/581/1577 422/582/1578 432/583/1579 431/584/1580
f 422/582/1581 421/585/1582 425/586/1583 424/587/1584
f 421/585/1585 420/568/1586 426/575/1587 425/586/1588
f 424/587/1589 423/588/1590 439/589/1591 438/590/1592
f 423/591/1593 428/577/1594 440/555/1595 439/592/1596
f 434/536/1597 433/593/1598 437/594/1599 436/557/1600
f 433/593/1601 432/583/1602 438/590/1603 437/594/1604
f 396/541/1605 402/544/1606 414/561/1607 408/551/1608
f 410/567/1609 412/572/1610 426/575/1611 420/568/1612
f 422/582/1613 424/587/1614 438/590/1615 432/583/1616
f 434/536/1617 436/557/1618 404/546/1619 394/533/1620
f 430/539/1621 398/538/1622 406/550/1623 418/565/1624
f 397/548/1625 398/538/1626 393/537/1627 441/595/1628
f 393/534/1629 394/533/1630 395/545/1631 441/596/1632
f 395/542/1633 396/541/1634 397/548/1635 441/595/1636
f 403/547/1637 404/546/1638 399/556/1639 442/597/1640
f 399/553/1641 400/552/1642 401/559/1643 442/598/1644
f 401/559/1645 402/544/1646 403/543/1647 442/598/1648
f 409/570/1649 410/567/1650 405/566/1651 443/599/1652
f 405/563/1653 406/550/1654 407/549/1655 443/599/1656
f 407/549/1657 408/551/1658 409/570/1659 443/599/1660
f 415/560/1661 416/562/1662 411/576/1663 444/600/1664
f 411/573/1665 412/572/1666 413/571/1667 444/600/1668
f 413/571/1669 414/561/1670 415/560/1671 444/600/1672
f 421/585/1673 422/582/1674 417/581/1675 445/601/1676
f 417/579/1677 418/565/1678 419/564/1679 445/602/1680
f 419/569/1681 420/568/1682 421/585/1683 445/601/1684
f 427/578/1685 428/577/1686 423/591/1687 446/603/1688
f 423/588/1689 424/587/1690 425/586/1691 446/604/1692
f 425/586/1693 426/575/1694 427/574/1695 446/604/1696
f 433/593/1697 434/536/1698 429/535/1699 447/605/1700
f 429/540/1701 430/539/1702 431/580/1703 447/606/1704
f 431/584/1705 432/583/1706 433/593/1707 447/605/1708
f 439/592/1709 440/555/1710 435/554/1711 448/607/1712
f 435/558/1713 436/557/1714 437/594/1715 448/608/1716
f 437/594/1717 438/590/1718 439/589/1719 448/608/1720
f 450/609/1721 449/610/1722 485/611/1723 490/612/1724
f 449/613/1725 454/614/1726 486/615/1727 485/616/1728
f 452/617/1729 451/618/1730 459/619/1731 458/620/1732
f 451/621/1733 450/609/1734 460/622/1735 459/623/1736
f 454/614/1737 453/624/1738 463/625/1739 462/626/1740
f 453/624/1741 452/617/1742 464/627/1743 463/625/1744
f 456/628/1745 455/629/1746 491/630/1747 496/631/1748
f 455/632/1749 460/622/1750 492/633/1751 491/634/1752
f 458/620/1753 457/635/1754 471/636/1755 470/637/1756
f 457/635/1757 456/628/1758 472/638/1759 471/636/1760
f 462/626/1761 461/639/1762 475/640/1763 474/641/1764
f 461/642/1765 466/643/1766 476/644/1767 475/645/1768
f 466/643/1769 465/646/1770 469/647/1771 468/648/1772
f 465/646/1773 464/627/1774 470/637/1775 469/647/1776
f 468/648/1777 467/649/1778 483/650/1779 482/651/1780
f 467/652/1781 472/638/1782 484/653/1783 483/654/1784
f 474/641/1785 473/655/1786 487/656/1787 486/615/1788
f 473/657/1789 478/658/1790 488/659/1791 487/660/1792
f 478/658/1793 477/661/1794 481/662/1795 480/663/1796
f 477/661/1797 476/644/1798 482/651/1799 481/662/1800
f 480/663/1801 479/664/1802 495/665/1803 494/666/1804
f 479/667/1805 484/653/1806 496/631/1807 495/668/1808
f 490/612/1809 489/669/1810 493/670/1811 492/633/1812
f 489/669/1813 488/659/1814 494/666/1815 493/670/1816
f 452/617/1817 458/620/1818 470/637/1819 464/627/1820
f 466/643/1821 468/648/1822 482/651/1823 476/644/1824
f 478/658/1825 480/663/1826 494/666/1827 488/659/1828
f 490/612/1829 492/633/1830 460/622/1831 450/609/1832
f 486/615/1833 454/614/1834 462/626/1835 474/641/1836
f 453/624/1837 454/614/1838 449/613/1839 497/671/1840
f 449/610/1841 450/609/1842 451/621/1843 497/672/1844
f 451/618/1845 452/617/1846 453/624/1847 497/671/1848
f 459/623/1849 460/622/1850 455/632/1851 498/673/1852
f 455/629/1853 456/628/1854 457/635/1855 498/674/1856
f 457/635/1857 458/620/1858 459/619/1859 498/674/1860
f 465/646/1861 466/643/1862 461/642/1863 499/675/1864
f 461/639/1865 462/626/1866 463/625/1867 499/675/1868
f 463/625/1869 464/627/1870 465/646/1871 499/675/1872
f 471/636/1873 472/638/1874 467/652/1875 500/676/1876
f 467/649/1877 468/648/1878 469/647/1879 500/676/1880
f 469/647/1881 470/637/1882 471/636/1883 500/676/1884
f 477/661/1885 478/658/1886 473/657/1887 501/677/1888
f 473/655/1889 474/641/1890 475/640/1891 501/678/1892
f 475/645/1893 476/644/1894 477/661/1895 501/677/1896
f 483/654/1897 484/653/1898 479/667/1899 502/679/1900
f 479/664/1901 480/663/1902 481/662/1903 502/680/1904
f 481/662/1905 482/651/1906 483/650/1907 502/680/1908
f 489/669/1909 490/612/1910 485/611/1911 503/681/1912
f 485/616/1913 486/615/1914 487/656/1915 503/682/1916
f 487/660/1917 488/659/1918 489/669/1919 503/681/1920
f 495/668/1921 496/631/1922 491/630/1923 504/683/1924
f 491/634/1925 492/633/1926 493/670/1927 504/684/1928
f 493/670/1929 494/666/1930 495/665/1931 504/684/1932
f 506/685/1933 505/686/1934 541/687/1935 546/688/1936
f 505/689/1937 510/690/1938 542/691/1939 541/692/1940
f 508/693/1941 507/694/1942 515/695/1943 514/696/1944
f 507/697/1945 506/685/1946 516/698/1947 515/699/1948
f 510/690/1949 509/700/1950 519/701/1951 518/702/1952
f 509/700/1953 508/693/1954 520/703/1955 519/701/1956
f 512/704/1957 511/705/1958 547/706/1959 552/707/1960
f 511/708/1961 516/698/1962 548/709/1963 547/710/1964
f 514/696/1965 513/711/1966 527/712/1967 526/713/1968
f 513/711/1969 512/704/1970 528/714/1971 527/712/1972
f 518/702/1973 517/715/1974 531/716/1975 530/717/1976
f 517/718/1977 522/719/1978 532/720/1979 531/721/1980
f 522/719/1981 521/722/1982 525/723/1983 524/724/1984
f 521/722/1985 520/703/1986 526/713/1987 525/723/1988
f 524/724/1989 523/725/1990 539/726/1991 538/727/1992
f 523/728/1993 528/714/1994 540/729/1995 539/730/1996
f 530/717/1997 529/731/1998 543/732/1999 542/691/2000
f 529/733/2001 534/734/2002 544/735/2003 543/736/2004
f 534/734/2005 533/737/2006 537/738/2007 536/739/2008
f 533/737/2009 532/720/2010 538/727/2011 537/738/2012
f 536/739/2013 535/740/2014 551/741/2015 550/742/2016
f 535/743/2017 540/729/2018 552/707/2019 551/744/2020
f 546/688/2021 545/745/2022 549/746/2023 548/709/2024
f 545/745/2025 544/735/2026 550/742/2027 549/746/2028
f 508/693/2029 514/696/2030 526/713/2031 520/703/2032
f 522/719/2033 524/724/2034 538/727/2035 532/720/2036
f 534/734/2037 536/739/2038 550/742/2039 544/735/2040
f 546/688/2041 548/709/2042 516/698/2043 506/685/2044
f 542/691/2045 510/690/2046 518/702/2047 530/717/2048
f 509/700/2049 510/690/2050 505/689/2051 553/747/2052
f 505/686/2053 506/685/2054 507/697/2055 553/748/2056
f 507/694/2057 508/693/2058 509/700/2059 553/747/2060
f 515/699/2061 516/698/2062 511/708/2063 554/749/2064
f 511/705/2065 512/704/2066 513/711/2067 554/750/2068
f 513/711/2069 514/696/2070 515/695/2071 554/750/2072
f 521/722/2073 522/719/2074 517/718/2075 555/751/2076
f 517/715/2077 518/702/2078 519/701/2079 555/751/2080
f 519/701/2081 520/703/2082 521/722/2083 555/751/2084
f 527/712/2085 528/714/2086 523/728/2087 556/752/2088
f 523/725/2089 524/724/2090 525/723/2091 556/752/2092
f 525/723/2093 526/713/2094 527/712/2095 556/752/2096
f 533/737/2097 534/734/2098 529/733/2099 557/753/2100
f 529/731/2101 530/717/2102 531/716/2103 557/754/2104
f 531/721/2105 532/720/2106 533/737/2107 557/753/2108
f 539/730/2109 540/729/2110 535/743/2111 558/755/2112
f 535/740/2113 536/739/2114 537/738/2115 558/756/2116
f 537/738/2117 538/727/2118 539/726/2119 558/756/2120
f 545/745/2121 546/688/2122 541/687/2123 559/757/2124
f 541/692/2125 542/691/2126 543/732/2127 559/758/2128
f 543/736/2129 544/735/2130 545/745/2131 559/757/2132
f 551/744/2133 552/707/2134 547/706/2135 560/759/2136
f 547/710/2137 548/709/2138 549/746/2139 560/760/2140
f 549/746/2141 550/742/2142 551/741/2143 560/760/2144
f 562/761/2145 561/762/2146 597/763/2147 602/764/2148
f 561/765/2149 566/766/2150 598/767/2151 597/768/2152
f 564/769/2153 563/770/2154 571/771/2155 570/772/2156
f 563/773/2157 562/761/2158 572/774/2159 571/775/2160
f 566/766/2161 565/776/2162 575/777/2163 574/778/2164
f 565/776/2165 564/769/2166 576/779/2167 575/777/2168
f 568/780/2169 567/781/2170 603/782/2171 608/783/2172
f 567/784/2173 572/774/2174 604/785/2175 603/786/2176
f 570/772/2177 569/787/2178 583/788/2179 582/789/2180
f 569/787/2181 568/780/2182 584/790/2183 583/788/2184
f 574/778/2185 573/791/2186 587/792/2187 586/793/2188
f 573/794/2189 578/795/2190 588/796/2191 587/797/2192
f 578/795/2193 577/798/2194 581/799/2195 580/800/2196
f 577/798/2197 576/779/2198 582/789/2199 581/799/2200
f 580/800/2201 579/801/2202 595/802/2203 594/803/2204
f 579/804/2205 584/790/2206 596/805/2207 595/806/2208
f 586/793/2209 585/807/2210 599/808/2211 598/767/2212
f 585/809/2213 590/810/2214 600/811/2215 599/812/2216
f 590/810/2217 589/813/2218 593/814/2219 592/815/2220
f 589/813/2221 588/796/2222 594/803/2223 593/814/2224
f 592/815/2225 591/816/2226 607/817/2227 606/818/2228
f 591/819/2229 596/805/2230 608/783/2231 607/820/2232
f 602/764/2233 601/821/2234 605/822/2235 604/785/2236
f 601/821/2237 600/811/2238 606/818/2239 605/822/2240
f 564/769/2241 570/772/2242 582/789/2243 576/779/2244
f 578/795/2245 580/800/2246 594/803/2247 588/796/2248
f 590/810/2249 592/815/2250 606/818/2251 600/811/2252
f 602/764/2253 604/785/2254 572/774/2255 562/761/2256
f 598/767/2257 566/766/2258 574/778/2259 586/793/2260
f 565/776/2261 566/766/2262 561/765/2263 609/823/2264
f 561/762/2265 562/761/2266 563/773/2267 609/824/2268
f 563/770/2269 564/769/2270 565/776/2271 609/823/2272
f 571/775/2273 572/774/2274 567/784/2275 610/825/2276
f 567/781/2277 568/780/2278 569/787/2279 610/826/2280
f 569/787/2281 570/772/2282 571/771/2283 610/826/2284
f 577/798/2285 578/795/2286 573/794/2287 611/827/2288
f 573/791/2289 574/778/2290 575/777/2291 611/827/2292
f 575/777/2293 576/779/2294 577/798/2295 611/827/2296
f 583/788/2297 584/790/2298 579/804/2299 612/828/2300
f 579/801/2301 580/800/2302 581/799/2303 612/828/2304
f 581/799/2305 582/789/2306 583/788/2307 612/828/2308
f 589/813/2309 590/810/2310 585/809/2311 613/829/2312
f 585/807/2313 586/793/2314 587/792/2315 613/830/2316
f 587/797/2317 588/796/2318 589/813/2319 613/829/2320
f 595/806/2321 596/805/2322 591/819/2323 614/831/2324
f 591/816/2325 592/815/2326 593/814/2327 614/832/2328
f 593/814/2329 594/803/2330 595/802/2331 614/832/2332
f 601/821/2333 602/764/2334 597/763/2335 615/833/2336
f 597/768/2337 598/767/2338 599/808/2339 615/834/2340
f 599/812/2341 600/811/2342 601/821/2343 615/833/2344
f 607/820/2345 608/783/2346 603/782/2347 616/835/2348
f 603/786/2349 604/785/2350 605/822/2351 616/836/2352
f 605/822/2353 606/818/2354 607/817/2355 616/836/2356
f 618/837/2357 617/838/2358 653/839/2359 658/840/2360
f 617/841/2361 622/842/2362 654/843/2363 653/844/2364
f 620/845/2365 619/846/2366 627/847/2367 626/848/2368
f 619/849/2369 618/837/2370 628/850/2371 627/851/2372
f 622/842/2373 621/852/2374 631/853/2375 630/854/2376
f 621/852/2377 620/845/2378 632/855/2379 631/853/2380
f 624/856/2381 623/857/2382 659/858/2383 664/859/2384
f 623/860/2385 628/850/2386 660/861/2387 659/862/2388
f 626/848/2389 625/863/2390 639/864/2391 638/865/2392
f 625/863/2393 624/856/2394 640/866/2395 639/864/2396
f 630/854/2397 629/867/2398 643/868/2399 642/869/2400
f 629/870/2401 634/871/2402 644/872/2403 643/873/2404
f 634/871/2405 633/874/2406 637/875/2407 636/876/2408
f 633/874/2409 632/855/2410 638/865/2411 637/875/2412
f 636/876/2413 635/877/2414 651/878/2415 650/879/2416
f 635/880/2417 640/866/2418 652/881/2419 651/882/2420
f 642/869/2421 641/883/2422 655/884/2423 654/843/2424
f 641/885/2425 646/886/2426 656/887/2427 655/888/2428
f 646/886/2429 645/889/2430 649/890/2431 648/891/2432
f 645/889/2433 644/872/2434 650/879/2435 649/890/2436
f 648/891/2437 647/892/2438 663/893/2439 662/894/2440
f 647/895/2441 652/881/2442 664/859/2443 663/896/2444
f 658/840/2445 657/897/2446 661/898/2447 660/861/2448
f 657/897/2449 656/887/2450 662/894/2451 661/898/2452
f 620/845/2453 626/848/2454 638/865/2455 632/855/2456
f 634/871/2457 636/876/2458 650/879/2459 644/872/2460
f 646/886/2461 648/891/2462 662/894/2463 656/887/2464
f 658/840/2465 660/861/2466 628/850/2467 618/837/2468
f 654/843/2469 622/842/2470 630/854/2471 642/869/2472
f 621/852/2473 622/842/2474 617/841/2475 665/899/2476
f 617/838/2477 618/837/2478 619/849/2479 665/900/2480
f 619/846/2481 620/845/2482 621/852/2483 665/899/2484
f 627/851/2485 628/850/2486 623/860/2487 666/901/2488
f 623/857/2489 624/856/2490 625/863/2491 666/902/2492
f 625/863/2493 626/848/2494 627/847/2495 666/902/2496
f 633/874/2497 634/871/2498 629/870/2499 667/903/2500
f 629/867/2501 630/854/2502 631/853/2503 667/903/2504
f 631/853/2505 632/855/2506 633/874/2507 667/903/2508
f 639/864/2509 640/866/2510 635/880/2511 668/904/2512
f 635/877/2513 636/876/2514 637/875/2515 668/904/2516
f 637/875/2517 638/865/2518 639/864/2519 668/904/2520
f 645/889/2521 646/886/2522 641/885/2523 669/905/2524
f 641/883/2525 642/869/2526 643/868/2527 669/906/2528
f 643/873/2529 644/872/2530 645/889/2531 669/905/2532
f 651/882/2533 652/881/2534 647/895/2535 670/907/2536
f 647/892/2537 648/891/2538 649/890/2539 670/908/2540
f 649/890/2541 650/879/2542 651/878/2543 670/908/2544
f 657/897/2545 658/840/2546 653/839/2547 671/909/2548
f 653/844/2549 654/843/2550 655/884/2551 671/910/2552
f 655/888/2553 656/887/2554 657/897/2555 671/909/2556
f 663/896/2557 664/859/2558 659/858/2559 672/911/2560
f 659/862/2561 660/861/2562 661/898/2563 672/912/2564
f 661/898/2565 662/894/2566 663/893/2567 672/912/2568
f 674/913/2569 673/914/2570 709/915/2571 714/916/2572
f 673/917/2573 678/918/2574 710/919/2575 709/920/2576
f 676/921/2577 675/922/2578 683/923/2579 682/924/2580
f 675/925/2581 674/913/2582 684/926/2583 683/927/2584
f 678/918/2585 677/928/2586 687/929/2587 686/930/2588
f 677/928/2589 676/921/2590 688/931/2591 687/929/2592
f 680/932/2593 679/933/2594 715/934/2595 720/935/2596
f 679/936/2597 684/926/2598 716/937/2599 715/938/2600
f 682/924/2601 681/939/2602 695/940/2603 694/941/2604
f 681/939/2605 680/932/2606 696/942/2607 695/940/2608
f 686/930/2609 685/943/2610 699/944/2611 698/945/2612
f 685/946/2613 690/947/2614 700/948/2615 699/949/2616
f 690/947/2617 689/950/2618 693/951/2619 692/952/2620
f 689/950/2621 688/931/2622 694/941/2623 693/951/2624
f 692/952/2625 691/953/2626 707/954/2627 706/955/2628
f 691/956/2629 696/942/2630 708/957/2631 707/958/2632
f 698/945/2633 697/959/2634 711/960/2635 710/919/2636
f 697/961/2637 702/962/2638 712/963/2639 711/964/2640
f 702/962/2641 701/965/2642 705/966/2643 704/967/2644
f 701/965/2645 700/948/2646 706/955/2647 705/966/2648
f 704/967/2649 703/968/2650 719/969/2651 718/970/2652
f 703/971/2653 708/957/2654 720/935/2655 719/972/2656
f 714/916/2657 713/973/2658 717/974/2659 716/937/2660
f 713/973/2661 712/963/2662 718/970/2663 717/974/2664
f 676/921/2665 682/924/2666 694/941/2667 688/931/2668
f 690/947/2669 692/952/2670 706/955/2671 700/948/2672
f 702/962/2673 704/967/2674 718/970/2675 712/963/2676
f 714/916/2677 716/937/2678 684/926/2679 674/913/2680
f 710/919/2681 678/918/2682 686/930/2683 698/945/2684
f 677/928/2685 678/918/2686 673/917/2687 721/975/2688
f 673/914/2689 674/913/2690 675/925/2691 721/976/2692
f 675/922/2693 676/921/2694 677/928/2695 721/975/2696
f 683/927/2697 684/926/2698 679/936/2699 722/977/2700
f 679/933/2701 680/932/2702 681/939/2703 722/978/2704
f 681/939/2705 682/924/2706 683/923/2707 722/978/2708
f 689/950/2709 690/947/2710 685/946/2711 723/979/2712
f 685/943/2713 686/930/2714 687/929/2715 723/979/2716
f 687/929/2717 688/931/2718 689/950/2719 723/979/2720
f 695/940/2721 696/942/2722 691/956/2723 724/980/2724
f 691/953/2725 692/952/2726 693/951/2727 724/980/2728
f 693/951/2729 694/941/2730 695/940/2731 724/980/2732
f 701/965/2733 702/962/2734 697/961/2735 725/981/2736
f 697/959/2737 698/945/2738 699/944/2739 725/982/2740
f 699/949/2741 700/948/2742 701/965/2743 725/981/2744
f 707/958/2745 708/957/2746 703/971/2747 726/983/2748
f 703/968/2749 704/967/2750 705/966/2751 726/984/2752
f 705/966/2753 706/955/2754 707/954/2755 726/984/2756
f 713/973/2757 714/916/2758 709/915/2759 727/985/2760
f 709/920/2761 710/919/2762 711/960/2763 727/986/2764
f 711/964/2765 712/963/2766 713/973/2767 727/985/2768
f 719/972/2769 720/935/2770 715/934/2771 728/987/2772
f 715/938/2773 716/937/2774 717/974/2775 728/988/2776
f 717/974/2777 718/970/2778 719/969/2779 728/988/2780
f 730/989/2781 729/990/2782 765/991/2783 770/992/2784
f 729/993/2785 734/994/2786 766/995/2787 765/996/2788
f 732/997/2789 731/998/2790 739/999/2791 738/1000/2792
f 731/1001/2793 730/989/2794 740/1002/2795 739/1003/2796
f 734/994/2797 733/1004/2798 743/1005/2799 742/1006/2800
f 733/1004/2801 732/997/2802 744/1007/2803 743/1005/2804
f 736/1008/2805 735/1009/2806 771/1010/2807 776/1011/2808
f 735/1012/2809 740/1002/2810 772/1013/2811 771/1014/2812
f 738/1000/2813 737/1015/2814 751/1016/2815 750/1017/2816
f 737/1015/2817 736/1008/2818 752/1018/2819 751/1016/2820
f 742/1006/2821 741/1019/2822 755/1020/2823 754/1021/2824
f 741/1022/2825 746/1023/2826 756/1024/2827 755/1025/2828
f 746/1023/2829 745/1026/2830 749/1027/2831 748/1028/2832
f 745/1026/2833 744/1007/2834 750/1017/2835 749/1027/2836
f 748/1028/2837 747/1029/2838 763/1030/2839 762/1031/2840
f 747/1032/2841 752/1018/2842 764/1033/2843 763/1034/2844
f 754/1021/2845 753/1035/2846 767/1036/2847 766/995/2848
f 753/1037/2849 758/1038/2850 768/1039/2851 767/1040/2852
f 758/1038/2853 757/1041/2854 761/1042/2855 760/1043/2856
f 757/1041/2857 756/1024/2858 762/1031/2859 761/1042/2860
f 760/1043/2861 759/1044/2862 775/1045/2863 774/1046/2864
f 759/1047/2865 764/1033/2866 776/1011/2867 775/1048/2868
f 770/992/2869 769/1049/2870 773/1050/2871 772/1013/2872
f 769/1049/2873 768/1039/2874 774/1046/2875 773/1050/2876
f 732/997/2877 738/1000/2878 750/1017/2879 744/1007/2880
f 746/1023/2881 748/1028/2882 762/1031/2883 756/1024/2884
f 758/1038/2885 760/1043/2886 774/1046/2887 768/1039/2888
f 770/992/2889 772/1013/2890 740/1002/2891 730/989/2892
f 766/995/2893 734/994/2894 742/1006/2895 754/1021/2896
f 733/1004/2897 734/994/2898 729/993/2899 777/1051/2900
f 729/990/2901 730/989/2902 731/1001/2903 777/1052/2904
f 731/998/2905 732/997/2906 733/1004/2907 777/1051/2908
f 739/1003/2909 740/1002/2910 735/1012/2911 778/1053/2912
f 735/1009/2913 736/1008/2914 737/1015/2915 778/1054/2916
f 737/1015/2917 738/1000/2918 739/999/2919 778/1054/2920
f 745/1026/2921 746/1023/2922 741/1022/2923 779/1055/2924
f 741/1019/2925 742/1006/2926 743/1005/2927 779/1055/2928
f 743/1005/2929 744/1007/2930 745/1026/2931 779/1055/2932
f 751/1016/2933 752/1018/2934 747/1032/2935 780/1056/2936
f 747/1029/2937 748/1028/2938 749/1027/2939 780/1056/2940
f 749/1027/2941 750/1017/2942 751/1016/2943 780/1056/2944
f 757/1041/2945 758/1038/2946 753/1037/2947 781/1057/2948
f 753/1035/2949 754/1021/2950 755/1020/2951 781/1058/2952
f 755/1025/2953 756/1024/2954 757/1041/2955 781/1057/2956
f 763/1034/2957 764/1033/2958 759/1047/2959 782/1059/2960
f 759/1044/2961 760/1043/2962 761/1042/2963 782/1060/2964
f 761/1042/2965 762/1031/2966 763/1030/2967 782/1060/2968
f 769/1049/2969 770/992/2970 765/991/2971 783/1061/2972
f 765/996/2973 766/995/2974 767/1036/2975 783/1062/2976
f 767/1040/2977 768/1039/2978 769/1049/2979 783/1061/2980
f 775/1048/2981 776/1011/2982 771/1010/2983 784/1063/2984
f 771/1014/2985 772/1013/2986 773/1050/2987 784/1064/2988
f 773/1050/2989 774/1046/2990 775/1045/2991 784/1064/2992
